Symbol,Market Cap,Current PE Ratio (TTM),EV to EBITDA (TTM),Current Price to Book Value,Dividend Yield,Dividend Payout Ratio FY,Gross Profit Margin (TTM)(%),Net Profit Margin (TTM)(%),Return on Assets (TTM),Return on Equity (TTM),Asset Turnover (TTM),Inventory Turnover (TTM),Current Ratio (Quarter),Quick Ratio (Quarter),Debt to Equity Ratio (Quarter)
SBAT,4.75 B,-0.07,-9.08,0.03,-,-,0.1589,-2.0807,-0.1136,-0.4952,0.05,0.14,0.51,0.07,2.29
MKNT,5.50 B,-,153.28,-0.61,-,-,-,-,-,-,-,-,-,-,-
DEAL,6.88 B,-0.38,-33.82,-0.12,-,-,0.0585,-0.3097,-0.1191,0.3155,0.38,13.14,0.6,0.56,-2.63
KAYU,8.58 B,10.64,-12.01,0.11,-,-,0.0157,0.1198,0.0082,0.0099,0.07,0.19,5.58,3.49,0.1
TOYS,11.48 B,-0.84,-72.27,0.05,-,-,0.1153,-0.2254,-0.0382,-0.055,0.17,0.52,3.24,2.16,0.35
ARTI,15.68 B,4.24,1.19,-0.07,-,-,0.1495,0.1584,0.0069,-0.0173,0.04,-,-,-,-0.03
SIMA,22.13 B,-0.7,-143.36,-11.04,-,-,1.0715,-8.9944,-0.1223,15.8368,0.02,-,0.02,0.02,-130.44
UNIT,23.83 B,69.74,6.19,0.18,-,-,0.2679,0.0032,0.0009,0.0025,0.3,1.57,1.04,0.57,0.84
LMSH,24.58 B,-5.11,-0.08,0.27,-,0.1663,0.0545,-0.0506,-0.0444,-0.0525,0.88,4.15,6.48,3.87,-
INDX,24.96 B,-2.89,-4.81,1.08,-,-,-3.705,-17.1315,-0.1873,-0.3743,0.01,-,0.08,0.08,-
BMBL,25.75 B,-,-,0.38,-,-,-,-,-,-,-,-,4.4,3.41,0.01
PLAN,26.90 B,-,-,0.5,-,-,-,-,-,-,-,-,0.07,0.05,0.42
FIMP,27.60 B,-,-,1.3,-,-,-,-,-,-,-,-,5.32,2.1,-
CNTX,28.40 B,-0.2,-4.7,-0.05,-,-,-0.1395,-0.3673,-0.3072,0.246,0.85,4.82,0.22,0.13,-0.54
HADE,29.68 B,-10.64,-129.7,6.97,-,-,0.2135,-0.6426,-0.2826,-0.6552,0.43,-,2.69,2.69,-
SKYB,29.84 B,-114.99,-,0.62,-,-,-,-,-0.0099,-0.0054,0.05,-,0.07,0.03,-
WIDI,32.00 B,-,-,0.69,-,-,-,-,-,-,-,-,16.94,16.94,0.02
BIKA,32.58 B,-0.66,329.79,-0.19,-,-,0.5416,-0.197,-0.0166,0.287,0.08,0.05,1.13,0.08,-6.8
TOPS,33.33 B,-0.12,-12.72,0.08,-,-,-0.0503,-2.6059,-0.1757,-0.6857,0.07,10.78,2.32,2.3,-
SOUL,34.64 B,-,-,1,-,1.3758,-,-,-,-,-,-,8.96,8.9,0.06
AEGS,37.22 B,-,-,0.54,-,-,-,-,-,-,-,-,8.66,4.93,-
LMAS,39.39 B,-0.23,36.88,-0.35,-,-,0.4318,-4.4631,-3.5671,1.5308,0.2,0.57,0.13,0.12,-1.93
ALTO,39.45 B,-0.93,-24.03,0.13,-,-,-0.0219,-0.3759,-0.0455,-0.1426,0.12,1.52,0.64,0.19,1.54
RICY,39.79 B,-0.13,17.71,0.17,-,0.1641,0.1501,-0.6678,-0.1732,-1.3051,0.26,0.67,3.52,1.28,5.51
KICI,44.16 B,-7.28,-22.82,0.4,-,-,0.166,-0.0687,-0.0283,-0.0546,0.41,0.56,7.2,0.77,0.16
CUAN,"71,948.10 B",31.29,13.61,12.4,0.0005,0.0129,0.1452,0.1009,0.049,0.3963,0.5,11.8,1.74,1.57,4.33
IMPC,"71,653.63 B",106.91,66.65,24,-,0.5518,0.3994,0.1486,0.1296,0.2245,0.86,2.13,2.85,1.5,0.17
ICBP,"69,971.45 B",7.65,6.1,1.28,0.0417,0.4118,0.3485,0.1197,0.0652,0.1675,0.55,6.12,4.22,3.59,0.87
HMSP,"69,790.85 B",10.34,5.7,2.29,0.0938,0.9908,0.1862,0.061,0.13,0.2218,2.14,4.47,1.96,0.9,0.01
BRMS,"68,339.91 B",77.56,39.44,3.17,-,-,0.5777,0.2078,0.0371,0.0409,0.19,4.73,3.18,2.92,0.2
ADRO,"63,775.63 B",7.7,5.12,0.77,0.1214,1.0494,0.3591,0.2543,0.0678,0.0995,0.28,10.03,4.32,4.1,0.22
ANTM,"60,797.83 B",7.17,5.27,1.57,0.06,1,0.1784,0.0966,0.134,0.2184,1.52,5.87,1.98,0.97,0.14
UNVR,"60,086.25 B",7.03,10.35,9.16,0.1276,0.7464,0.4691,0.2656,0.4269,1.3025,1.61,7.21,0.87,0.68,0.09
GOTO,"59,557.25 B",-92.43,40.8,1.86,-,-,0.5878,-0.0332,-0.0138,-0.0201,0.42,605.79,2.65,2.65,0.25
ADMR,"59,279.38 B",12.17,9.9,2.11,0.0349,0.4631,0.4208,0.282,0.0894,0.1737,0.34,6.17,2,1.76,0.58
MDKA,"59,224.62 B",-57.91,18.8,4.48,-,-,0.1142,-0.0328,-0.0107,-0.0773,0.33,4.01,1.25,0.87,2.35
AADI,"58,012.34 B",4.94,3.43,0.98,0.0622,0.6225,0.2446,0.1476,0.1194,0.1987,0.82,31.72,2.1,1.93,0.24
ISAT,"55,310.14 B",9.72,3.91,1.46,0.0647,0.6497,-,0.0978,0.0466,0.1505,0.48,-,0.56,0.56,1.45
INDF,"52,024.03 B",4.76,4.46,0.67,0.0473,0.2845,0.3295,0.0868,0.0482,0.1412,0.57,4.23,2.16,1.69,0.99
CPIN,"51,653.70 B",7.73,4.6,1.41,0.0571,0.523,0.1885,0.0916,0.1379,0.1821,1.55,5.24,3.82,2.26,0.17
SUPR,"49,882.87 B",39.81,28.62,6.03,-,-,0.7343,0.6579,0.1201,0.1514,0.18,83.15,0.27,0.26,0.18
AMRT,"49,621.78 B",14.13,4.97,2.68,0.0347,0.4499,0.2187,0.0272,0.0766,0.19,2.92,7.41,1.08,0.48,0.15
NCKL,"49,216.91 B",4.92,6.34,1.18,0.0389,0.3003,0.3056,0.3413,0.154,0.2394,0.46,3.21,2.08,1.12,0.22
BUMI,"48,273.60 B",33.32,22.13,1.74,-,2.6573,0.1879,0.0584,0.0191,0.0523,0.34,-,1.25,1.25,0.37
MBMA,"47,517.98 B",97.54,18.87,1.79,-,-,0.1161,0.0206,0.0078,0.0184,0.39,5.59,1.62,1.2,0.46
TCPI,"45,000.00 B",343.51,72.13,21.15,0.0006,0.2928,0.2396,0.0662,0.0326,0.0616,0.5,15.95,1.06,0.95,0.58
INCO,"44,688.69 B",27.51,10.14,0.93,0.0183,0.6148,0.1429,0.0944,0.0286,0.0339,0.31,4.26,2.13,1.46,-
EXCL,"44,407.66 B",-8.03,5.69,1.52,0.1003,2.4483,-,-0.1211,-0.0494,-0.1897,0.4,-,0.4,0.4,2.1
MEGA,"42,267.32 B",12.13,9.19,1.74,0.0478,0.6,0.5008,0.35,0.0258,0.1431,0.07,-,-,-,0.01
MTEL,"41,612.72 B",19.46,7.68,1.24,0.0509,1.0044,0.4995,0.2235,0.0353,0.0635,0.16,-,0.53,0.53,0.63
BELI,"37,049.13 B",-19.06,-36.56,4.14,-,-,0.1656,-0.0762,-0.1043,-0.217,1.4,6.92,1.22,0.83,0.4
BNGA,"36,959.04 B",5.41,3.45,0.63,0.11,0.5915,0.5542,0.2832,0.0186,0.1162,0.07,-,-,-,0.02
BDMN,"36,748.56 B",8.62,6.4,0.69,0.0378,0.35,0.6963,0.1615,0.0152,0.0798,0.1,-,-,-,0.11
MYOR,"36,444.68 B",11.68,7.05,1.93,0.0368,0.4099,0.2309,0.0817,0.109,0.1651,1.27,5.33,4.18,3.06,0.27
INKP,"35,561.39 B",4.57,6.64,0.3,0.0077,0.0407,0.3338,0.1464,0.0362,0.0655,0.25,5.05,2.69,2.51,0.67
MSIN,"35,192.18 B",34.15,37.24,5.21,-,0.1453,0.2842,0.258,0.1225,0.1526,0.47,-,3.08,3.08,0.04
PTRO,"34,897.73 B",71.83,13.35,7.84,0.0048,1.085,0.1307,0.0288,0.0178,0.1092,0.63,41.96,1.29,1.25,2.8
PGAS,"33,695.70 B",8.33,2.95,0.7,0.0904,0.858,0.1817,0.0619,0.0384,0.0841,0.62,25.18,2.01,1.9,0.37
TBIG,"33,532.36 B",23.89,10.6,2.67,0.016,0.8109,0.7164,0.2035,0.0302,0.1116,0.15,-,0.28,0.28,2.33
GEMS,"33,235.29 B",7.81,5.13,2.83,0.0911,0.7119,0.3195,0.107,0.2127,0.3622,2.05,41.36,1.5,1.4,0.19
PGUN,"32,849.18 B",224.48,87.23,16.84,0.0012,0.251,0.3625,0.1868,0.0583,0.075,0.31,11.62,1.72,1.48,0.17
CMRY,"32,690.89 B",15.51,12,4.45,0.0485,0.7807,0.4486,0.1849,0.2225,0.2872,1.25,5.26,2.25,1.68,-
PGEO,"32,472.14 B",13.02,5.66,0.91,0.0638,0.9128,0.5403,0.3355,0.048,0.0701,0.14,7.22,4.77,4.62,0.36
SILO,"31,474.82 B",27.45,10.85,3.15,-,0.2147,0.3879,0.0876,0.0748,0.1149,0.88,36.52,0.71,0.67,0.18
KLBF,"31,130.91 B",8.61,5.29,1.28,0.0301,0.2555,0.3905,0.0999,0.1131,0.1489,1.16,3.07,3.56,2.23,0.01
EMTK,"30,098.96 B",10.68,4.79,0.82,0.0204,0.0905,0.2578,0.1343,0.047,0.0764,0.35,9.6,5.62,5.34,0.06
ENRG,"29,639.51 B",19.65,6.9,1.98,-,-,0.3643,0.1838,0.0495,0.1007,0.28,7.89,0.44,0.35,0.47
MEDC,"29,409.39 B",11.76,4,0.79,0.0521,0.43,0.375,0.0602,0.0178,0.067,0.3,10.62,1.12,1.02,1.64
PTBA,"28,801.65 B",8.62,4.86,1.22,0.133,0.7504,0.1585,0.0784,0.0773,0.1419,0.98,8.68,1.27,0.94,0.12
GGRM,"27,706.87 B",9.27,3.01,0.43,0.0347,0.9809,0.1171,0.0346,0.0389,0.0466,1.14,2.26,3.86,0.68,-
FAPA,"26,222.50 B",24.44,12.4,6.63,-,-,0.2977,0.1352,0.1037,0.2713,0.77,6.13,0.85,0.57,0.95
NISP,"25,704.92 B",5.01,3.84,0.58,0.0402,0.2042,0.5919,0.2721,0.0164,0.1149,0.06,-,-,-,0.05
TAPG,"25,014.20 B",6.88,5.5,2.09,0.1429,0.9652,0.394,0.3226,0.2361,0.3044,0.75,6.26,2.73,2.14,0.09
ITMG,"24,717.11 B",8.24,2.16,0.76,0.0791,0.6213,0.2533,0.0953,0.0733,0.092,0.78,14.2,3.61,3.36,0.05
MAPI,"24,651.00 B",10.33,3.39,1.68,0.0067,0.0939,0.4069,0.0518,0.0697,0.1629,1.37,2.86,1.62,0.8,0.24
BINA,"23,925.39 B",-72.41,-69.77,7.73,-,-,0.3025,-0.1758,-0.0106,-0.1067,0.06,-,-,-,-
ARCI,"23,847.08 B",11.84,7.27,3.58,0.0219,0.6092,0.4476,0.2237,0.1116,0.3023,0.51,3.34,1.02,0.48,1.23
MLPT,"23,437.50 B",77.43,35.58,29.89,0.0107,0.7439,0.1599,0.0778,0.0779,0.3861,1.02,2.75,1.05,0.59,0.32
VKTR,"23,406.25 B",-2088.72,318.14,22.41,-,-,0.1781,-0.0092,-0.0061,-0.0107,0.67,8.12,2.16,1.81,0.22
AKRA,"23,385.60 B",9.12,6.48,1.82,0.0858,0.8118,0.0878,0.0526,0.0692,0.1999,1.32,16.25,1.45,1.28,0.39
TINS,"21,672.96 B",8.03,4.51,2.18,0.0219,0.3799,0.301,0.1808,0.1771,0.2709,1.03,3.83,2.76,1.88,0.11
BTPN,"21,238.66 B",47.02,38.93,0.44,0.0048,0.2,0.6618,0.0189,0.0018,0.0094,0.1,-,-,-,0.48
JPFA,"20,873.30 B",4.06,2.92,1.02,0.0787,0.41,0.2343,0.0802,0.1307,0.2502,1.61,4.94,1.79,0.87,0.39
MDIY,"20,782.07 B",17.46,7.83,4.65,-,-,0.5391,0.1403,0.1544,0.266,1.11,1.57,1.68,0.55,0.36
MKPI,"20,646.92 B",17.7,11.12,2.56,0.0334,0.7003,0.5443,0.4414,0.1181,0.1448,0.27,73.24,2.51,2.5,-
GIAA,"20,354.59 B",-4.2,5.06,-29.2,-,-,-,-0.0897,-0.038,6.9533,0.43,-,0.98,0.92,-88.9
SUPA,"20,338.21 B",-,282.94,2.51,-,-,-,-,-,-,0.02,-,-,-,-
PNBN,"19,992.75 B",7.36,9.46,0.37,0.0506,0.3695,0.5872,0.1752,0.0121,0.05,0.07,-,-,-,0.36
MIKA,"19,957.24 B",14.47,9.07,2.63,0.03,0.5217,0.5447,0.253,0.143,0.182,0.58,34.62,4.54,4.46,0.01
JSMR,"19,596.25 B",5.59,9.08,0.53,0.0579,0.3098,0.4107,0.1196,0.0218,0.0946,0.18,101.76,0.58,0.57,2.08
TOWR,"18,675.00 B",4.89,6,0.67,0.0749,0.2211,0.676,0.2791,0.0471,0.1366,0.17,23.02,0.27,0.25,1.66
AVIA,"17,842.62 B",9.89,6.78,1.8,0.0799,0.8154,0.4387,0.2131,0.1553,0.182,0.75,2.8,5.15,4.09,-
BBHI,"17,818.81 B",31.49,21.83,2.37,0.0131,0.4996,0.7729,0.2902,0.0383,0.0751,0.12,-,-,-,-
CBDK,"17,800.49 B",10.02,9.65,1.87,0.0016,0.0307,0.7203,0.6297,0.0792,0.1868,0.13,0.11,1.25,0.44,0.02
FASW,"16,992.12 B",-20.02,165.66,2.97,-,0.6178,0.0172,-0.1055,-0.0687,-0.1484,0.65,7.07,0.77,0.47,0.79
SRTG,"16,956.04 B",2.32,4.1,0.29,0.0826,0.1915,1,1.7679,0.1171,0.1243,0.07,-,41.64,41.64,-
FILM,"16,494.66 B",-70.1,258.89,5.29,-,2.8166,0.3232,-0.4486,-0.0626,-0.0755,0.14,0.76,1.53,0.67,0.13
MGLV,"15,334.31 B",-,-,120.56,-,-,-,-,-,-,-,-,3.6,0.8,-
MAPA,"15,107.12 B",8.16,3.29,1.65,0.0075,0.0842,0.4734,0.093,0.1271,0.2022,1.39,1.81,2.25,0.63,-
BNBR,"14,740.43 B",32.85,112.65,3.81,-,-,0.2331,0.1144,0.0185,0.116,0.16,4.35,1.31,1.12,4.38
BBTN,"14,736.17 B",3.98,5.66,0.4,0.051,0.25,0.5169,0.1025,0.0072,0.1008,0.07,-,-,-,0.51
BBSI,"14,294.67 B",80.25,56.03,4.05,-,-,0.8062,0.0663,0.0121,0.0505,0.2,-,-,-,-
PSAB,"14,288.40 B",2.96,3.93,1.39,0.1944,-,0.6437,0.9903,0.2885,0.4694,0.32,2.24,2.92,2.6,0.08
TKIM,"14,165.17 B",3.3,12.08,0.27,0.0055,0.0165,0.1539,0.2612,0.0629,0.0834,0.25,3.18,1.36,0.81,0.2
INTP,"14,062.41 B",6.24,3.26,0.6,0.117,0.7316,0.3268,0.128,0.0723,0.0968,0.56,5.14,1.67,1.29,0.12
JRPT,"13,943.58 B",10.37,8.12,1.27,0.0287,0.3083,0.553,0.3992,0.0872,0.1225,0.22,0.44,1.3,0.42,-
BSIM,"13,702.73 B",47.62,14.47,1.63,-,-,0.5801,0.0973,0.0051,0.0342,0.05,-,-,-,-
BUVA,"13,539.38 B",681.24,131.65,6.63,-,-,0.7094,0.0544,0.0077,0.0097,0.14,35.65,2.65,2.62,0.22
CMNT,"13,272.27 B",258.28,13.22,5.34,-,-,0.2147,-,0.0031,0.0207,0.56,4.36,0.47,0.23,3.36
BNII,"13,261.44 B",8.39,10.13,0.41,0.0437,0.35,0.5586,0.1216,0.0082,0.0492,0.07,-,-,-,0.46
SCMA,"13,240.73 B",14.31,8.87,1.93,0.1173,2.0147,0.4093,0.1319,0.0898,0.1352,0.7,3.31,3.1,2.51,-
SOHO,"13,199.35 B",20.09,14.34,4.76,0.0698,1.5349,0.1756,0.0611,0.1133,0.2369,1.8,5.78,1.83,1.29,-
CARE,"13,100.50 B",383.99,102.67,4.33,-,-,0.5262,0.0706,0.0082,0.0113,0.12,45.87,0.84,0.83,0.35
ULTJ,"12,945.73 B",8.72,4.72,1.48,0.1044,0.9989,0.3266,0.1602,0.1484,0.1702,0.96,5.42,5.78,4.62,-
LIFE,"12,810.00 B",46.44,36.42,1.53,0.0157,0.9776,-,0.089,0.0176,0.0329,0.2,-,-,-,-
RISE,"12,796.89 B",76.15,72.66,4.62,-,-,0.5448,0.3679,0.0404,0.0606,0.12,0.19,2.49,0.85,0.23
MLBI,"12,483.98 B",10.25,6.01,7.87,0.0915,0.4146,0.6419,0.3353,0.3357,0.7675,1.03,6.06,1.05,0.93,0.05
STTP,"12,445.00 B",11.11,7.16,1.65,-,0.2072,0.3168,0.2159,0.1369,0.1487,0.64,8.89,12.62,11.76,-
MCOL,"12,444.46 B",9.74,3.94,1.27,0.08,0.906,0.2209,0.1119,0.0991,0.1305,0.91,29.22,2.97,2.76,-
ADES,"12,358.34 B",14.52,10.69,3.8,-,-,0.5266,0.2745,0.2159,0.2613,0.83,3.49,3.77,3.07,-
HEAL,"11,831.78 B",29.14,8.82,2.07,0.0175,0.4829,0.3394,0.0562,0.0336,0.071,0.6,29.79,1.36,1.28,0.61
PWON,"11,746.18 B",4.82,4.33,0.51,0.0533,0.3018,0.5594,0.338,0.0659,0.1066,0.2,0.69,3.53,2.05,0.25
SMAR,"11,546.22 B",3.52,3.65,0.5,0.0672,0.3,0.1282,0.0379,0.0715,0.141,1.9,6.8,1.96,1.01,0.52
IBST,"11,448.92 B",29.21,14.36,4.36,-,13.1783,0.7172,0.455,0.0901,0.1493,0.21,81.08,0.91,0.9,0.17
BSDE,"11,432.54 B",4.49,6.19,0.26,-,0.0589,0.6354,0.199,0.0321,0.0581,0.16,0.26,3.38,1.49,0.37
DSNG,"11,394.83 B",5.99,3.71,0.96,0.0223,0.2227,0.3087,0.152,0.1071,0.1597,0.71,6.38,1.52,0.9,0.28
ALII,"11,394.58 B",30.3,27.06,5.19,0.0062,0.2462,0.4577,0.3861,0.128,0.1714,0.34,395.74,1.98,1.97,0.09
AALI,"11,355.66 B",7.24,1.75,0.47,0.0776,0.599,0.1667,0.0538,0.0562,0.0656,1.06,7.86,4,2.8,-
GOOD,"11,216.96 B",16.26,8.3,2.74,0.0312,0.509,0.2748,0.0511,0.0716,0.1687,1.42,5.72,1.33,0.78,0.53
RAJA,"11,159.50 B",23.07,11.27,3.05,0.0095,0.2354,0.2866,0.1139,0.0552,0.1324,0.51,287.3,1.96,1.95,0.88
ARTO,"11,158.37 B",36.98,15.63,1.25,-,-,0.7204,0.0835,0.0076,0.0338,0.09,-,-,-,-
TRIO,"11,079.19 B",-69.98,-4345.5,-2.75,-,1.2168,0.092,-0.3729,-2.0556,0.0393,5.62,22.81,0.02,0.01,-0.43
JARR,"11,076.80 B",44.29,20.67,5.66,0.0047,0.2,0.1754,0.0595,0.0631,0.1277,1.05,10.09,4.85,3.97,0.9
AUTO,"11,037.19 B",4.89,4.42,0.68,0.1,0.5005,0.1683,0.1114,0.0958,0.1394,0.88,6.62,2.22,1.69,0.04
ARKO,"10,864.72 B",180.87,483.97,20.41,-,-,0.2397,0.1765,0.0352,0.1128,0.2,-,0.69,0.69,0.64
POWR,"10,858.83 B",9,4.57,0.87,0.1092,0.999,0.1963,0.133,0.0593,0.097,0.45,7.08,10.34,8.96,0.47
SIDO,"10,620.00 B",9.29,6.39,3.26,0.1045,0.903,0.579,0.2909,0.3138,0.351,1.07,3.19,5.87,4.16,-
CITA,"10,574.16 B",6.39,10.74,1.17,0.1315,0.5794,0.3988,0.5779,0.175,0.1826,0.31,1.71,8.78,5.8,-
TSPC,"10,507.98 B",7.79,3.82,1.1,0.0858,0.2977,0.3814,0.0954,0.101,0.1414,1.07,3.9,3.33,2.53,0.14
BUKA,"10,419.88 B",4,-1.44,0.42,-,-,0.0743,0.351,0.1025,0.1053,0.29,28.48,38.02,37.48,-
YUPI,"10,210.66 B",16.39,10.91,5.88,0.0432,0.2,0.368,0.2077,0.1972,0.3588,0.99,4.95,3.12,2.46,0.45
DEWA,"10,171.86 B",2.35,5.68,1.29,-,-,0.1548,0.6812,0.2715,0.5498,0.39,17.84,0.98,0.88,0.45
INDY,"10,159.87 B",60.3,7.87,0.5,0.0053,0.5377,0.1379,0.005,0.0033,0.0083,0.68,37.19,1.89,1.8,0.89
BSSR,"10,152.02 B",6.8,3.19,2,0.1221,0.6618,0.2989,0.1252,0.2232,0.2939,1.85,12.96,2.78,2.34,-
RATU,"10,127.15 B",45.54,25.24,11.2,0.0121,0.4857,0.495,0.2846,0.0999,0.2459,0.45,-,6.29,6.29,1.18
SMGR,"10,026.04 B",43.86,4.16,0.23,0.0191,1.0022,0.2001,0.0064,0.003,0.0052,0.47,5.85,1.14,0.81,0.21
CTRA,"9,823.92 B",3.9,2.74,0.4,0.0453,0.2092,0.4649,0.2026,0.055,0.1025,0.27,0.51,2.24,1.08,0.27
ESSA,"9,733.24 B",11.52,4.07,1.23,0.0177,0.2406,0.375,0.1588,0.0728,0.1068,0.47,5.08,11.46,9.57,-
EDGE,"9,677.00 B",80.87,27.49,5.21,-,-,0.4753,0.133,0.016,0.0644,0.14,-,0.63,0.63,2.18
ADMF,"9,639.26 B",5.87,13.26,0.62,0.0808,0.5039,-,0.1331,0.0413,0.1055,0.32,-,-,-,1.51
BBKP,"9,582.26 B",-34.78,-28.94,1.19,-,6.2032,0.2462,-0.0498,-0.0032,-0.0341,0.06,-,-,-,2.13
STAA,"9,540.45 B",5.98,3.13,1.3,0.0857,0.5091,0.3174,0.1521,0.1581,0.217,1.07,7.36,2.95,2.25,0.21
MIDI,"9,295.01 B",10.71,4.13,1.93,0.0426,0.4498,0.2576,0.0413,0.0897,0.1805,2.23,5.55,1.06,0.45,-
BKSL,"9,223.99 B",10.67,11.67,0.6,-,0.0665,0.5734,0.3044,0.038,0.0566,0.13,0.51,1.87,1.16,0.31
SMSM,"9,098.71 B",8.21,4.97,2.24,0.0886,0.1449,0.3752,0.2084,0.2022,0.2727,1,2.52,5.94,3.89,0.03
NSSS,"8,996.99 B",14.34,9.19,4.32,0.0079,0.0966,0.5236,0.3054,0.1481,0.3014,0.49,4.09,1.49,1.21,0.81
HRTA,"8,911.18 B",7.06,5.12,2.44,0.0207,0.2187,0.0401,0.0218,0.0917,0.3455,4.39,6.56,1.48,0.5,1.12
PLIN,"8,910.50 B",13.61,11.64,0.77,0.0618,0.8606,0.6795,0.4616,0.0502,0.0568,0.11,57.12,1.76,1.75,0.05
BFIN,"8,798.04 B",5.75,2.62,0.8,0.1197,0.6655,-,0.2419,0.0606,0.1398,0.25,-,-,-,-
TURI,"8,704.80 B",9.69,-,2.02,-,0.2988,0.0978,0.0617,0.1191,0.2084,1.97,13.4,1.29,0.71,0.41
COIN,"8,676.47 B",312.49,63.93,5.67,-,-,-,0.1007,0.0177,0.0182,0.17,-,10.4,10.4,-
HRUM,"8,651.58 B",12.78,9.2,0.54,-,0.2192,0.1601,0.0294,0.0108,0.0426,0.38,6.39,1.58,1.22,0.66
CMNP,"8,638.30 B",7.97,8.71,0.57,-,0.2246,0.3365,0.1887,0.0406,0.0716,0.22,-,1,1,0.45
BMAS,"8,544.46 B",2302.46,132.86,1.31,-,2.0268,0.4669,0.0026,0.0001,0.0006,0.06,-,-,-,-
PRAY,"8,515.25 B",44.53,14.61,2.62,-,-,0.2773,0.0743,0.031,0.0588,0.42,24.78,1.55,1.48,0.03
INPP,"8,330.57 B",-18.57,20.66,1.47,0.0148,0.0631,0.5738,-0.2519,-0.0438,-0.0789,0.17,1.06,3.5,2.1,0.39
BIPI,"8,154.91 B",454.37,9.01,1.05,-,0.0944,0.1474,0.0046,0.0007,0.0023,0.14,23.93,1.25,1.23,1.6
RMKE,"8,137.50 B",33.25,20.62,4.16,0.0161,0.5428,0.1565,0.0908,0.0718,0.1251,0.86,58.54,3.41,3.35,0.54
WIKA,"8,134.11 B",-0.81,-36.79,-4.02,-,0.8892,0.0885,-0.7854,-0.2068,4.9788,0.26,1.51,1.26,0.75,-15.6
BBMD,"7,996.13 B",25.4,17.18,1.49,0.0175,0.3473,0.7308,0.2538,0.0192,0.0587,0.08,-,-,-,-
CLEO,"7,728.00 B",20.07,7.23,3.26,0.0078,0.129,0.554,0.1314,0.1181,0.1626,0.93,4.09,1.41,0.67,0.17
RLCO,"7,593.75 B",-,572.38,24.68,-,-,-,-,-,-,-,-,1.47,0.83,1.59
KPIG,"7,589.17 B",10,14.79,0.26,-,0.2625,0.4187,0.2771,0.021,0.0264,0.08,0.9,1.05,0.52,0.16
LSIP,"7,501.96 B",3.97,-0.14,0.52,0.0591,0.3002,0.3938,0.3407,0.1196,0.1313,0.35,5.68,11.27,10.56,-
DUTI,"7,492.50 B",17.75,8.52,0.69,-,0.7481,0.6701,0.1544,0.0261,0.039,0.17,0.24,4.22,2.28,-
BJBR,"7,417.62 B",6.37,7.02,0.44,0.1213,0.7807,0.4576,0.0688,0.0053,0.0686,0.08,-,-,-,0.77
AGII,"7,390.65 B",86.12,12.26,1.95,0.0036,0.2501,0.4674,0.028,0.0101,0.0226,0.36,3.3,1.98,1.5,1.05
BJTM,"7,387.63 B",4.52,6.47,0.54,0.1151,0.5501,0.7046,0.1462,0.01,0.119,0.07,-,-,-,0.29
SIMP,"7,347.62 B",3.58,2.44,0.35,0.0422,0.2,0.2492,0.0973,0.0491,0.0984,0.51,4.7,1.36,1.08,0.43
WIFI,"7,246.17 B",14.77,4.84,0.97,0.0015,0.0459,0.6293,0.2218,0.0303,0.0657,0.14,0.57,1.91,1.53,0.51
CYBR,"7,204.96 B",525.06,137.11,28.34,-,-,0.4824,0.0287,0.0296,0.054,1.09,1488.74,2.36,2.36,0.04
CLAY,"7,144.60 B",554.71,195.93,387.46,-,-,0.4745,0.0852,0.0247,0.6985,0.29,114.43,0.35,0.34,10.82
ELPI,"7,115.52 B",37.24,22.46,2.71,0.0177,0.5907,0.2381,0.1916,0.0534,0.0728,0.29,13.23,3.01,2.77,0.15
SSIA,"7,010.82 B",328.42,18.95,1.24,0.0101,0.3013,0.243,0.0044,0.0017,0.0038,0.38,4.75,1.58,1.29,0.48
SMCB,"6,990.02 B",9.81,4.33,0.53,0.0471,0.5,0.2339,0.0658,0.0351,0.0535,0.53,6.84,1.06,0.77,0.12
DMAS,"6,844.13 B",5.42,4.89,0.92,0.2042,1.0481,0.7387,0.6811,0.1557,0.17,0.24,0.11,9.67,2.53,-
CNMA,"6,834.29 B",8.92,2.72,1.66,0.1434,1.3913,0.1862,0.127,0.1139,0.1856,0.89,-,2.88,2.88,-
PACK,"6,668.16 B",-,-,63.29,-,-,-,-,-,-,-,-,0.05,0.05,0.01
BTPS,"6,625.18 B",5.48,3.35,0.64,0.0997,0.5496,0.9073,0.234,0.0523,0.1177,0.23,-,-,-,-
POLU,"6,600.00 B",-330.93,-625.18,56.13,-,-,0.0654,-0.1277,-0.0824,-0.1696,0.64,8.75,1.29,1.17,0.33
TMAS,"6,503.87 B",12.5,6.83,2.05,0.0702,0.3389,0.1844,0.1169,0.0934,0.1641,0.82,18.01,1.28,0.97,0.52
SSMS,"6,381.75 B",5.61,4.59,2.45,0.1254,0.6892,0.352,0.0772,0.0825,0.4361,1.08,9.07,1.36,1.1,3.11
PNLF,"6,244.30 B",2.95,8.17,0.2,-,0.2412,-,0.1714,0.0088,0.0672,0.05,-,-,-,0.57
GMFI,"6,241.76 B",10.19,4.74,2.62,-,0.8785,-,0.0722,0.0396,0.2567,0.58,-,1.07,0.87,0.49
APIC,"6,177.31 B",59.68,45.19,1.91,-,0.0499,-,0.0513,0.0125,0.0319,0.24,-,-,-,1.06
EPMT,"6,175.70 B",7.96,4.75,0.76,0.0785,0.6536,0.0987,0.023,0.055,0.0959,2.48,6.46,2.09,1.25,-
MTDL,"5,991.12 B",7.31,5.64,1.23,0.0492,0.3983,0.0813,0.0289,0.0559,0.1682,2.04,10.78,1.74,1.37,0.45
ABMM,"5,974.37 B",5.66,4.89,0.4,0.0447,0.2295,0.1074,0.0629,0.0304,0.0699,0.49,20.52,1.04,0.94,1.04
CTBN,"5,962.77 B",65.29,23.1,2.84,0.0624,1.0211,0.18,0.0291,0.0363,0.0435,1.16,8.22,6.98,4.63,-
YULE,"5,819.10 B",43.46,39.79,8.42,0.0031,0.1351,-,0.7937,0.1732,0.1937,0.22,-,-,-,-
WSKT,"5,818.98 B",-1.73,109.42,-3.4,-,0.1061,0.1568,-0.3515,-0.0488,1.9647,0.14,3.42,0.8,0.67,-27.52
TLDN,"5,644.69 B",5.28,3.56,1.48,0.1242,0.6335,0.33,0.1942,0.1701,0.2795,0.9,6.89,1.32,0.96,0.16
WBSA,"5,552.00 B",-,81.75,16.81,-,-,-,-,-,-,-,-,1.43,1.43,0.31
FORE,"5,529.38 B",59.02,14.92,8.01,-,-,0.6164,0.0568,0.0805,0.1358,1.42,4.82,1.25,0.87,0.34
ACES,"5,375.80 B",7.78,2.65,0.8,0.1079,0.65,0.4719,0.078,0.0797,0.1033,1.03,1.53,7.08,3.72,0.01
DMND,"5,207.60 B",11.58,6.04,0.79,0.0127,0.1821,0.2026,0.0385,0.0543,0.068,1.41,3.94,3.47,1.9,0.04
BHAT,"5,200.00 B",-14877.69,437.3,8.38,-,-,-,-0.0022,-0.0003,-0.0006,0.13,-,-,-,0.8
OMED,"5,195.30 B",13.23,8.31,1.84,0.0186,0.3003,0.353,0.1785,0.1182,0.1393,0.67,1.89,11.08,7.72,0.07
BSWD,"5,164.41 B",84.51,58.98,1.46,-,2.4179,0.6521,0.1395,0.0085,0.0173,0.06,-,-,-,-
ERAA,"5,135.90 B",3.55,3.14,0.54,0.059,0.2935,0.1076,0.0174,0.0458,0.1514,2.75,5.78,1.24,0.42,0.96
NICL,"5,105.11 B",18.9,12.82,5.72,0.075,1.1116,0.401,0.2207,0.2527,0.3027,1.26,41.93,5.08,4.89,-
SMMT,"4,966.25 B",104.85,38.62,8.84,-,2.3443,0.0763,0.0293,0.023,0.0843,0.88,8,0.89,0.68,0.82
SAME,"4,943.41 B",250.88,16.51,1.29,-,0.405,0.2915,0.0104,0.0034,0.0052,0.33,24.92,0.54,0.49,0.25
BALI,"4,760.86 B",25.7,9.52,1.89,0.0413,1.3636,0.5205,0.1493,0.0297,0.0737,0.18,3.72,0.58,0.43,1.34
MPMX,"4,694.05 B",9.9,4.01,0.76,0.1589,0.9199,0.0858,0.0297,0.0571,0.0771,1.9,22.9,1.87,1.58,-
MASB,"4,682.72 B",22.44,13.83,1.13,0.0069,0.1502,0.4895,0.1052,0.0061,0.0506,0.06,-,-,-,-
NATO,"4,560.63 B",-55.25,1366.36,2.18,-,-,0.5907,0.0079,-0.0191,-0.0394,0.14,8.73,0.69,60.87,-
BPII,"4,546.71 B",40.52,18.75,3.11,0.0248,0.2612,-,0.0893,0.0173,0.0767,0.19,-,-,-,2.14
UNIC,"4,504.14 B",6.41,1.97,0.82,0.1414,1.0455,0.168,0.1035,0.1073,0.1278,1.07,4.08,6.79,5.03,0.01
MAYA,"4,317.70 B",77.28,12.25,0.23,-,0.9077,0.2483,0.0044,0.0003,0.0029,0.08,-,-,-,-
RDTX,"4,267.20 B",11.52,8.17,1.28,0.0301,0.1531,0.6554,0.6477,0.0994,0.1112,0.15,68.61,4.82,4.8,-
SMRA,"4,259.21 B",5.93,6.46,0.36,0.0349,0.1082,0.5014,0.0807,0.0181,0.0606,0.23,0.39,1.11,0.36,1.21
SMDR,"4,257.66 B",5.5,2.18,0.45,0.0442,0.0425,0.1759,0.058,0.0311,0.0822,0.55,133.19,2.19,2.17,0.51
META,"4,215.15 B",44.65,71.54,1.06,0.011,0.4961,0.5439,0.3323,0.0206,0.0237,0.06,11.23,3.1,3,0.1
BULL,"4,214.49 B",7.76,7.27,1.15,-,-,0.318,0.218,0.0783,0.1486,0.38,26.97,0.6,0.56,0.59
DRMA,"4,211.76 B",6.43,3.54,1.44,0.0782,0.5048,0.1783,0.1087,0.1463,0.2242,1.38,9.17,1.93,1.45,0.09
LPKR,"4,182.98 B",10.27,12.64,0.14,-,0.3117,0.3462,0.0474,0.0084,0.0137,0.18,0.22,3.9,0.45,0.36
TGKA,"4,169.96 B",10.02,6.64,1.71,0.0694,0.7078,0.0911,0.031,0.0813,0.1706,2.51,9.11,1.98,1.36,0.04
PALM,"4,122.01 B",0.74,-257.44,0.5,-,0.3393,-,-,0.4845,0.677,-,-,0.14,0.14,0.79
JTPE,"4,076.97 B",12.45,5.6,2.94,0.0521,0.691,0.2513,0.1214,0.1244,0.2361,1,4.54,1.67,1.17,0.01
SINI,"4,076.47 B",-139.04,283.34,-5.36,-,-,0.1875,-0.0413,-0.0178,0.0385,0.44,4.1,0.41,0.34,-1.25
SGRO,"4,073.71 B",22.62,3.73,0.79,0.1473,0.8017,0.2887,0.0297,0.0207,0.035,0.65,6.6,1.23,0.98,0.32
ELSA,"4,050.67 B",5.62,0.86,0.74,0.0705,0.4,0.0987,0.0501,0.0655,0.1311,1.31,24.54,1.49,1.37,0.13
SURE,"4,043.46 B",-207.63,43.2,-12.78,-,-,0.2933,-0.0326,-0.0119,0.0615,0.37,200.51,2.94,2.94,-0.09
ANJT,"4,008.24 B",-4.11,3.19,1.06,-,0.2886,0.3529,-0.2502,-0.1843,-0.2581,0.51,5.75,1.21,0.92,0.26
MBSS,"4,007.56 B",15.83,13.31,1.01,-,0.8385,0.2573,0.3242,0.0585,0.0641,0.18,40.31,7.97,7.91,0.05
MTLA,"3,827.56 B",9.57,7.83,0.69,0.0194,0.1835,0.5102,0.225,0.0488,0.0721,0.22,0.26,3.26,0.74,0.22
SHIP,"3,794.11 B",11.74,6.24,1.45,0.0251,0.3212,0.2672,0.1036,0.0341,0.1236,0.34,-,1.46,1.46,1.84
SGER,"3,740.86 B",17.71,14.82,1.61,0.0375,0.213,0.0812,0.0311,0.0343,0.0906,1.15,-,1.66,1.66,0.91
TUGU,"3,626.69 B",5.92,3.53,0.39,0.098,0.5,-,0.0443,0.0206,0.0655,0.48,-,-,-,-
MSTI,"3,626.03 B",6.71,2.98,1.51,0.1056,0.0915,0.1793,0.1008,0.1584,0.225,1.56,8.84,3.59,3.05,0.01
MMIX,"3,600.32 B",655.72,83.07,19.18,-,-,0.5827,0.0271,0.0129,0.0293,0.48,0.49,6.21,2.95,-
BANK,"3,550.36 B",25.26,26.23,1.07,-,-,0.2791,0.1668,0.0093,0.0424,0.06,-,-,-,0.3
CASS,"3,547.82 B",7.83,2.35,2.18,-,0.2499,1,0.137,0.138,0.2781,1.02,-,3.72,3.67,0.12
GJTL,"3,519.65 B",2.77,3.13,0.32,0.0792,0.2242,0.2096,0.0728,0.0572,0.1172,0.8,5.48,1.59,1.15,0.49
INET,"3,512.74 B",95.94,8.64,0.97,0.0003,0.0365,0.1828,0.079,0.0064,0.0101,0.14,-,3.7,3.7,0.42
PSGO,"3,468.40 B",8.07,3.9,1.24,0.0326,0.2554,0.3124,0.1717,0.1321,0.1531,0.69,13.82,2.78,2.28,0.05
MKAP,"3,461.25 B",80.68,44.41,10.5,0.0028,0.2397,0.3363,0.1167,0.0801,0.1301,0.69,1.87,1.99,1.25,0.39
BIRD,"3,452.90 B",5.52,3.24,0.54,0.087,0.5131,0.313,0.1069,0.0634,0.0984,0.6,169.46,1.52,1.5,0.35
PBID,"3,390.00 B",7.98,5.3,1.11,0.1173,0.9923,0.1926,0.0815,0.116,0.1387,1.46,3.74,4.88,2.33,0.06
AMAR,"3,382.12 B",13.35,10.32,0.97,0.0546,0.3742,0.9114,0.167,0.0365,0.0728,0.22,-,-,-,-
HEXA,"3,376.80 B",7.31,5.18,1.2,0.1079,0.7398,0.1944,0.0513,0.0641,0.1649,1.24,1.92,1.53,0.61,0.61
ROTI,"3,371.64 B",14.19,6.47,1.65,0.1469,1.9154,0.5305,0.063,0.0654,0.1163,1.05,10.75,1.35,1.15,0.31
BOGA,"3,366.12 B",815.5,139.89,7.43,-,-,0.1512,0.0127,0.0053,0.0091,0.41,7.25,1.27,1.16,0.15
TOTL,"3,358.85 B",7.59,3.58,2.34,0.1117,0.9054,0.1914,0.1137,0.1023,0.3082,0.93,53.95,1.21,1.19,-
TBLA,"3,313.96 B",3.68,5.7,0.35,0.0218,0.4045,0.1654,0.0386,0.0293,0.0947,0.76,4.66,1.2,0.89,1.87
TRIM,"3,312.93 B",5.39,9.84,1.5,-,0.4441,-,0.3376,0.0695,0.2781,0.23,-,-,-,3.07
VICI,"3,300.34 B",26.41,16.53,2.95,0.0163,0.1472,0.5518,0.0862,0.0924,0.1118,1.08,2.02,5.29,3.08,0.07
LPPF,"3,297.09 B",4.26,0.41,3.27,0.1712,0.7783,0.6504,0.1317,0.1134,0.7675,0.98,2.35,0.96,0.74,-
GGRP,"3,294.29 B",-6.5,-11.92,0.3,0.1029,-0.5587,-0.0935,-0.1605,-0.0385,-0.0455,0.25,1.98,4.39,1.85,-
KEJU,"3,262.50 B",18.17,12.4,3.63,0.0276,0.5015,0.2852,0.1113,0.1353,0.2,1.25,3.81,1.85,1.17,-
LINK,"3,235.41 B",-2.11,14.38,1.03,-,0.5401,1,-0.522,-0.112,-0.4883,0.22,-,0.22,0.22,2.59
KRAS,"3,211.50 B",0.52,-48.17,0.27,-,0.2831,0.0769,0.3797,0.1258,0.5289,0.34,3.52,0.8,0.47,1.81
SDRA,"3,202.90 B",-2.89,-2.44,0.25,0.0367,0.2277,0.42,-0.2925,-0.0205,-0.0856,0.07,-,-,-,-
DAAZ,"3,195.20 B",12.74,7.2,1.91,0.0781,0.5481,0.0629,0.018,0.0383,0.1495,2.16,17.35,3.37,2.77,1.6
TFCO,"3,183.23 B",-37.18,-70.93,0.6,-,-,-0.0131,-0.0271,-0.0147,-0.0162,0.55,4.45,5.45,3.59,-
NIRO,"3,130.04 B",-16.11,17.39,1.87,-,-,0.5065,-0.1233,-0.0135,-0.1162,0.11,12.72,0.9,0.88,4.52
NOBU,"3,125.99 B",5.95,3.28,0.73,-,-,0.4568,0.208,0.0125,0.1223,0.06,-,-,-,-
MAPB,"3,104.30 B",-20.81,6.51,2.31,-,-,0.6862,-0.0449,-0.0552,-0.1109,1.2,6.33,0.6,0.43,-
IMAS,"3,095.58 B",24.06,12.6,0.23,0.0052,0.0684,0.1997,0.0041,0.0016,0.0094,0.4,2.99,0.96,0.73,3.88
VISI,"3,075.00 B",-867.97,168,17.22,0.001,0.7341,0.1215,-0.0109,-0.0127,-0.0198,1.14,4.43,1.86,1.12,0.45
DKFT,"3,072.84 B",4.56,3.7,2.09,0.1101,0.6882,0.5393,0.4058,0.2189,0.4586,0.54,6.87,3.14,2.9,0.35
AGRO,"3,067.82 B",-6.03,-11.29,1.04,-,0.2318,0.6015,-0.4199,-0.0397,-0.1725,0.09,-,-,-,-
MNCN,"3,009.96 B",2.37,2.16,0.14,-,0.0366,0.4265,0.1753,0.0499,0.0571,0.29,1.17,8.02,5.4,0.06
ARNA,"2,995.30 B",7.91,4.23,1.51,0.1103,0.8249,0.299,0.1326,0.1285,0.1914,0.98,14.04,1.99,1.76,0.04
SRIL,"2,986.02 B",-1.5,-20.42,-0.19,-,0.1321,-0.1175,-0.4529,-0.2208,0.1285,0.46,5.02,1.25,0.81,-0.89
CPRO,"2,978.62 B",8.19,5.6,0.77,-,-,0.1945,0.0363,0.0513,0.0935,1.4,4.57,1.13,0.48,0.51
EURO,"2,943.89 B",-,-,55.54,0.0007,1.0519,-,-,-,-,-,-,9.03,9.03,-
BESS,"2,941.59 B",103.64,35.44,4.4,-,-,0.3049,0.0931,0.0389,0.0425,0.42,-,6.49,6.49,0.01
PKPK,"2,880.00 B",51.63,27.53,10.43,-,0.6676,0.3043,0.0628,0.0794,0.202,1.33,22.62,0.5,0.41,-
MARK,"2,831.00 B",9.52,5.58,2.88,0.1208,1.2047,0.4908,0.3359,0.2755,0.3026,0.84,2.96,6.73,4.84,0.01
WIIM,"2,782.33 B",5.63,3.61,1.18,0.0788,0.523,0.2243,0.0745,0.1418,0.2095,1.98,2.68,2.55,0.68,0.09
ISSP,"2,730.68 B",5.18,4.07,0.47,0.0421,0.2169,0.1876,0.0897,0.0589,0.0916,0.66,1.56,2.99,1.12,0.36
KEEN,"2,713.07 B",22.26,16.57,0.9,0.0111,0.305,0.6258,0.2198,0.0199,0.0403,0.09,-,1.67,1.67,0.59
APLN,"2,701.22 B",6.89,5.85,0.23,-,0.0718,0.3632,0.0701,0.0162,0.0333,0.23,0.55,1.66,0.62,0.43
GOLF,"2,689.17 B",51.63,33.19,0.34,0.0038,0.2019,0.6016,0.2412,0.006,0.0065,0.02,0.24,5.61,3.44,0.06
FISH,"2,688.00 B",13.91,6.09,0.9,0.025,1.7003,0.0578,0.0101,0.0233,0.0647,2.29,6.1,1.42,0.74,0.87
PNGO,"2,656.25 B",9.7,6.63,2.33,0.0647,0.5344,0.2756,0.1272,0.1622,0.2402,1.25,7.75,1.1,0.61,0.28
JSPT,"2,654.95 B",7,3.68,1.04,0.0175,0.1775,0.6902,0.1474,0.0576,0.1482,0.39,75.11,1.73,1.73,0.79
PNIN,"2,644.41 B",2.2,9.71,0.12,-,0.0258,-,0.0982,0.005,0.0542,0.05,-,-,-,0.79
SFAN,"2,638.27 B",-165.05,-109.96,26.63,-,-,0.8144,-3.9742,-0.1086,-0.1614,0.02,-,-,-,-
CBRE,"2,632.08 B",-40.44,642.07,49.19,-,-,0.0791,-0.6456,-0.0321,-1.2165,0.05,15.76,0.11,0.1,3.59
SAMF,"2,624.00 B",10.54,7.7,1.4,0.0742,0.514,0.2111,0.0633,0.0712,0.1332,1.18,2.8,1.8,0.88,0.49
TOBA,"2,612.33 B",-1.43,6.27,0.84,0.0591,-0.0577,0.0867,-0.2897,-0.1377,-0.5853,0.48,33.36,1.27,1.2,2.2
AGRS,"2,584.68 B",14.36,7.67,0.44,-,-,0.4027,0.1315,0.0076,0.0308,0.06,-,-,-,-
BBYB,"2,563.29 B",4.72,4.18,0.6,-,0.1935,0.7431,0.1766,0.0296,0.1261,0.16,-,-,-,-
HATM,"2,551.92 B",46.36,12.51,1.59,-,0.2479,0.1204,0.0581,0.0292,0.0342,0.51,4.11,2.91,1.67,0.09
OMRE,"2,547.61 B",-13.94,-20.98,0.79,-,-,0.3177,-4.2155,-0.046,-0.0565,0.01,3.59,0.1,0.09,-
BLTZ,"2,525.68 B",36.84,8.45,5.93,-,-,0.4467,0.0536,0.0387,0.161,0.7,45.37,0.36,0.33,0.95
PORT,"2,490.34 B",20.45,7.35,2.11,-,-,0.2947,0.0998,0.0526,0.1032,0.53,13.78,3.95,3.59,0.71
TRAM,"2,482.18 B",-,3.45,-,-,1.6847,0.1312,0.0403,-0.1515,-0.6684,0.49,37.61,0.79,0.7,0.64
DWGL,"2,479.76 B",11.13,5.86,4.61,-,-,0.1164,0.0643,0.1409,0.4141,1.91,133.66,1.63,1.6,1
RALS,"2,469.41 B",10.26,0.54,0.65,0.1437,1.3374,0.5396,0.1092,0.0435,0.0638,0.43,2.94,2.67,2.46,-
MDLA,"2,466.26 B",6.19,3.53,0.78,0.0716,0.4501,0.0965,0.0265,0.0579,0.1267,2.23,6.78,1.75,1.18,-
LPCK,"2,444.11 B",16.07,13.41,0.36,-,0.5843,0.1558,0.0372,0.0137,0.0225,0.37,0.41,2.76,0.27,0.17
UANG,"2,377.65 B",28.61,45.58,5.91,-,0.0383,0.5434,0.2417,0.0461,0.2064,0.2,-,1.66,1.66,1.51
DAYA,"2,360.03 B",27.26,8.03,14.66,-,-,0.3411,0.0296,0.0712,0.5378,2.38,4.34,0.83,0.32,1.4
TOTO,"2,352.96 B",7.57,4.52,0.9,0.1009,0.3007,0.2559,0.1373,0.091,0.1188,0.65,2.06,6.28,3.08,0.06
MDIA,"2,352.93 B",-49.66,13.67,2.54,-,0.1579,0.5302,-0.0783,-0.0142,-0.0511,0.16,1.31,0.71,0.44,-
MCOR,"2,351.02 B",7.8,4.86,0.33,-,-,0.4426,0.1376,0.0081,0.0418,0.06,-,-,-,-
MINA,"2,342.81 B",-1439.8,-659.62,9.36,-,-,0.645,-0.1711,-0.0064,-0.0065,0.04,0.14,136.81,118.64,-
SKRN,"2,325.00 B",13.01,5.26,3.4,0.0581,0.6614,0.3119,0.225,0.1223,0.2614,0.55,-,1.33,1.33,0.36
KIJA,"2,311.56 B",5.28,3.38,0.37,0.0159,0.1013,0.381,0.0867,0.0285,0.0692,0.33,2.21,5.7,5.02,0.71
MGRO,"2,310.39 B",-48.79,35.59,7.1,-,0.3168,0.0543,-0.0073,-0.0179,-0.1456,2.41,18.1,0.52,0.32,6.35
MSJA,"2,305.88 B",21.5,14.24,1.6,0.0383,0.9435,0.1891,0.1013,0.0582,0.0745,0.58,6.34,3.09,2.5,0.15
RIMO,"2,254.03 B",31.23,14.8,0.4,-,-,0.4626,0.1235,0.0107,0.013,0.09,1107.18,0.15,0.15,-
MYOH,"2,228.38 B",9,2.76,0.73,0.0648,0.5868,0.1532,0.091,0.0653,0.0808,0.72,6.04,5.78,4.94,0.09
BABP,"2,222.95 B",27.72,15.52,0.59,-,1.0404,0.3428,0.0533,0.0038,0.0212,0.07,-,-,-,-
ARGO,"2,222.04 B",31.21,94.14,11.51,-,-,0.4246,0.6338,0.0632,0.3687,0.1,2.54,0.49,0.48,3.32
INPC,"2,184.13 B",-4.14,-4.18,0.57,-,-,0.4491,-0.3141,-0.0174,-0.1379,0.06,-,-,-,0.1
BGTG,"2,181.36 B",9.43,6.63,0.58,-,-,0.6272,0.3744,0.0221,0.062,0.06,-,-,-,-
PRDA,"2,175.00 B",10.02,3.2,0.9,0.0701,0.7375,0.5832,0.0944,0.0812,0.0901,0.86,22.71,6.44,6.19,0.01
KAEF,"2,170.97 B",-13.71,16.57,0.73,-,0.3007,0.3462,-0.0174,-0.011,-0.0535,0.64,4.2,0.71,0.46,2.09
SMIL,"2,152.91 B",30.9,10.13,2.81,0.015,0.4006,0.3752,0.1592,0.0589,0.0908,0.37,2.99,3.51,2.54,0.5
SMDM,"2,137.92 B",96.69,45.97,0.93,-,-,0.6291,0.0573,0.0063,0.0096,0.11,0.32,5.01,1.01,0.01
BCAP,"2,130.94 B",7.89,0.54,0.46,-,1.2098,-,0.0701,0.0087,0.0584,0.13,-,-,-,0.24
WINS,"2,126.02 B",5.52,3.66,0.71,0.0147,0.0274,0.4412,0.26,0.0797,0.128,0.31,90.55,5.25,5.21,0.23
ABDA,"2,110.74 B",20.1,15.28,1.19,-,0.3215,-,0.1021,0.0373,0.0592,0.37,-,-,-,-
NETV,"2,109.39 B",-8.18,-14.79,5.33,-,-,-1.1462,-3.3652,-0.3063,-0.652,0.09,0.35,1.16,0.16,0.98
MAHA,"2,083.25 B",6.54,1.87,1.05,0.096,0.8246,0.2038,0.106,0.1056,0.1612,1,30.72,1.74,1.62,0.02
BWPT,"2,049.14 B",5.55,3.94,0.72,-,1.0405,0.2716,0.063,0.0366,0.1289,0.58,12.3,0.7,0.55,1.65
BACA,"2,035.21 B",15.49,7.8,0.3,-,-,0.3712,0.0834,0.005,0.0194,0.06,-,-,-,-
IFSH,"2,008.12 B",33.82,7.14,2.38,0.0275,0.7659,0.2658,0.0544,0.0551,0.0703,1.02,71.34,3.71,3.7,0.02
NEST,"2,006.90 B",81.46,60.29,5.37,-,-,0.083,0.0665,0.0604,0.0659,0.9,3.85,9.26,6.22,-
BNBA,"1,981.98 B",875.67,61.62,0.61,-,0.3239,0.605,0.0043,0.0003,0.0007,0.06,-,-,-,-
BHIT,"1,979.57 B",4.03,9.12,0.12,-,1.3274,0.3873,0.0347,0.0065,0.0292,0.19,2.05,1.13,0.97,0.66
IFII,"1,976.52 B",13.09,5.24,1.38,0.0524,0.2591,0.3014,0.1279,0.0852,0.1056,0.68,2.99,2.89,1.44,0.15
SOCI,"1,948.28 B",11.67,4.73,0.28,0.0072,0.052,0.2864,0.0673,0.0165,0.0239,0.25,9.75,0.68,0.55,0.32
PNBS,"1,940.68 B",34.02,21.28,0.65,-,-,0.3401,0.0458,0.0029,0.019,0.06,-,-,-,-
MTMH,"1,934.07 B",47.59,9.33,1.29,-,-,0.2952,0.0284,0.0148,0.027,0.53,23.87,0.42,0.35,0.53
PYFA,"1,921.48 B",-5.19,72.54,2.67,-,5.3208,0.2096,-0.089,-0.0524,-0.5142,0.41,4.38,0.86,0.55,7.03
BISI,"1,920.00 B",9.25,5.4,0.54,0.0406,0.4099,0.3905,0.1176,0.0551,0.0587,0.47,0.54,16.25,4.05,-
ASSA,"1,919.39 B",4.63,3.18,0.84,0.0962,0.1588,0.3169,0.0675,0.0468,0.181,0.71,55.12,0.99,0.95,1.88
VICO,"1,917.35 B",3.99,3.44,0.51,-,-,-,0.4854,0.0136,0.1291,0.03,-,-,-,0.01
ASRI,"1,905.99 B",6.36,6.62,0.17,-,0.0579,0.4994,0.0993,0.0129,0.026,0.13,0.88,0.79,0.41,0.55
BRAM,"1,903.74 B",132.3,6.4,0.52,0.0473,0.3807,0.0756,0.0073,0.003,0.0039,0.43,3.41,2.74,1.95,-
IPCC,"1,891.12 B",7.33,1.96,1.34,0.0252,0.1875,0.4363,0.2779,0.1266,0.1826,0.45,-,5.75,5.75,-
CENT,"1,871.01 B",-0.98,15.93,0.51,-,8.5819,0.3654,-0.749,-0.0672,-0.5133,0.09,625.98,0.4,0.4,6.14
LPGI,"1,860.00 B",13.27,11.62,1.73,0.0161,0.2073,-,0.0299,0.039,0.1302,1.4,-,-,-,-
UDNG,"1,846.29 B",-,-,35.65,-,-,-,-,-,-,-,-,2.7,2.59,-
BTEL,"1,841.13 B",-36.19,153.28,-0.31,-,-,0.5041,-0.4051,-0.8806,0.0086,2.17,-,0.05,0.05,-
BUKK,"1,821.91 B",5.81,17.04,0.25,-,-,0.3,0.0759,0.0123,0.0434,0.16,5.04,1.46,1.27,2.04
PBSA,"1,815.00 B",6.14,6.83,1.99,0.0909,0.7689,0.1925,0.1716,0.2105,0.3245,1.22,30.51,2.44,2.32,-
KMTR,"1,807.38 B",30.8,11.74,0.85,-,0.4992,0.0594,0.0049,0.0113,0.0275,2.48,6.48,1.35,0.66,1.28
ROCK,"1,793.98 B",56.52,21.4,2.16,-,-,0.5311,0.2255,0.0336,0.0382,0.15,-,2.14,2.14,-
ASGR,"1,793.88 B",6.12,-0.13,0.83,0.1812,1.2012,0.245,0.0967,0.0958,0.1355,0.98,11.63,3.12,2.88,-
BOLT,"1,792.97 B",12.76,7.38,1.93,0.0654,0.8863,0.24,0.0817,0.0821,0.1515,1.03,3.3,1.68,0.88,0.34
AMAG,"1,780.55 B",9.19,8,0.81,0.0843,0.9588,-,0.0918,0.0334,0.0884,0.37,-,-,-,-
ALDO,"1,768.97 B",42.73,12.43,1.67,0.0008,-0.1563,0.1588,0.0191,0.0197,0.039,1.04,3.99,1.21,0.68,0.6
SCCO,"1,768.02 B",5.65,0.74,0.31,0.0465,0.2794,0.0847,0.0423,0.0515,0.0548,1.24,12.66,8.38,6.7,-
MMLP,"1,763.62 B",20.46,15.73,0.38,0.0454,0.3307,1,0.2379,0.0129,0.0183,0.05,-,1.78,1.78,0.35
BKSW,"1,757.90 B",-39.64,13.35,0.37,-,-,0.4833,-0.0688,-0.0034,-0.0094,0.05,-,-,-,-
DATA,"1,718.75 B",15,9.62,4.5,-,-,0.7566,0.2478,0.1057,0.3,0.44,1.42,0.41,0.29,1.2
HUMI,"1,697.89 B",9.88,4.49,0.65,0.0106,0.0989,0.2585,0.0798,0.0318,0.0654,0.4,13.92,1.38,1.27,0.68
BMTR,"1,691.57 B",2.02,6.85,0.1,-,0.1679,0.3949,0.0915,0.0237,0.0517,0.26,1.53,3.86,2.76,0.35
IATA,"1,688.89 B",15.8,9.74,0.74,-,-,0.5244,0.0818,0.0258,0.0467,0.32,1.02,0.77,0.27,0.56
IIKP,"1,680.00 B",-145.41,-323.38,10.7,-,-,-1.1046,-1.3029,-0.0643,-0.0736,0.05,0.5,107.19,9,-
JAWA,"1,655.76 B",-22.18,13.33,1.25,-,0.4308,0.0951,-0.0461,-0.0188,-0.0563,0.41,8.25,0.88,0.6,0.76
DGWG,"1,647.06 B",6.8,3.35,1.48,0.0625,0.363,0.2603,0.0545,0.0608,0.2175,1.11,2.02,1.14,0.53,0.06
DVLA,"1,635.20 B",11.65,4.63,1.07,0.074,0.2096,0.5283,0.0615,0.0558,0.0915,0.94,2.42,2.34,1.78,0.03
GMTD,"1,634.76 B",50.81,26.88,1.9,0.0025,0.1275,0.5202,0.1115,0.0229,0.0374,0.21,0.21,2.61,0.42,-
MERK,"1,603.84 B",5.42,2.81,1.54,0.0768,0.5051,0.4902,0.2332,0.2235,0.2843,0.98,2.16,4.91,3.65,-
POLI,"1,598.37 B",23.66,11.23,0.76,-,-,0.4363,0.1133,0.0161,0.0321,0.14,0.34,1.73,0.25,0.66
LUCY,"1,598.09 B",-,-,62.19,-,1.2479,-,-,-,-,-,-,0.87,0.74,0.72
GTSI,"1,597.73 B",-133.28,11.92,1.76,0.0149,0.2213,0.1271,-0.0212,-0.0049,-0.0132,0.23,5.9,1.51,1.35,0.68
DEPO,"1,588.86 B",21.26,14.68,1.16,0.0179,0.2994,0.2028,0.0265,0.0326,0.0545,1.24,3.4,1.73,0.62,0.14
TRIN,"1,565.70 B",120.16,-34.2,2.61,-,-,0.2339,0.245,0.0061,0.0217,0.03,0.04,0.99,0.04,-
SUNI,"1,562.50 B",10.74,8.16,1.8,0.0332,0.2415,0.3029,0.1766,0.1294,0.1678,0.73,2.51,5.17,2.74,0.2
MLIA,"1,547.91 B",-19.73,11.19,0.29,0.0299,0.1489,0.1308,-0.0196,-0.0107,-0.0147,0.54,2.93,2.2,1.04,0.16
IPCM,"1,543.16 B",7.8,2.27,1.1,0.0833,0.1184,0.2927,0.1349,0.1105,0.1407,0.84,49.4,2.87,2.82,-
GREN,"1,539.67 B",-149.58,-,3.3,-,-,0.1856,-0.0923,-0.0211,-0.0221,0.23,-,11.72,11.72,0.04
CSAP,"1,523.09 B",11.92,5.04,0.43,0.0243,0.1999,0.1717,0.0078,0.0106,0.0359,1.37,3.69,0.99,0.38,0.88
KINO,"1,521.43 B",10.28,6.23,0.84,0.0423,0.5197,0.4327,0.0325,0.032,0.082,1,6.9,0.69,0.55,0.81
DNAR,"1,520.32 B",7.83,5.17,0.39,-,-,0.5795,0.1552,0.0141,0.0504,0.09,-,-,-,-
PSKT,"1,511.28 B",-129.18,174.69,4.72,-,-,0.5348,-0.2238,-0.032,-0.0366,0.14,279.07,1.24,1.24,0.03
INDS,"1,509.37 B",27.4,6.93,0.45,0.0348,1.6972,0.1371,0.0163,0.0124,0.0162,0.76,2.63,2.91,1.2,0.09
UCID,"1,504.68 B",-1.29,19.17,0.32,0.0466,0.2,0.1648,-0.1492,-0.1653,-0.2494,1.09,5.64,2.52,2.01,-
IRSX,"1,499.20 B",51.36,29.51,4.96,0.0007,0.0417,0.1359,0.0551,0.079,0.0966,1.45,7.56,5.72,5.63,0.04
BMHS,"1,496.99 B",162.5,10.26,0.77,0.0037,0.4682,0.4634,0.0057,0.0023,0.0047,0.4,15.97,1.7,1.62,0.66
KETR,"1,491.66 B",8.93,6.01,1.23,-,-,0.4729,0.1932,0.077,0.138,0.38,0.59,2.33,1.02,0.38
SPTO,"1,471.50 B",6.07,5.19,0.84,0.1284,0.3488,0.2911,0.0901,0.0731,0.1389,0.81,2.9,2.17,1.13,0.07
KING,"1,470.61 B",-,-,21.36,-,-,-,-,-,-,-,-,0.63,0.45,0.21
DLTA,"1,465.21 B",9.66,3.62,1.85,0.094,1.0101,0.698,0.2207,0.1299,0.1919,0.6,6.56,2.91,2.8,-
DOID,"1,461.34 B",-1.18,-0.6,3.24,-,0.2964,0.0281,-0.0785,-0.0496,-2.7523,0.95,20.47,1.06,1.03,21.55
MKTR,"1,459.31 B",25.42,10.15,2.16,0.0125,0.35,0.1507,0.0441,0.0376,0.085,0.85,13.98,3.5,3.07,1.06
MBAP,"1,448.18 B",51.66,1.67,0.46,0.0322,0.154,0.1288,0.0105,0.0065,0.0089,0.63,4.29,5.2,4.2,0.19
FPNI,"1,447.27 B",11.8,19.57,0.82,-,-,0.0165,0.0234,0.0443,0.0693,1.86,10.98,1.46,0.92,-
FMII,"1,446.40 B",-199.68,-233.97,2.09,-,-,-,-,-0.0096,-0.0105,-,-,2.84,0.72,0.09
NICE,"1,423.19 B",-74.74,6.03,6.82,-,-,0.2148,-0.0145,-0.0237,-0.0912,1.77,10.54,0.53,0.33,1.13
BCIC,"1,412.57 B",-2.88,9.82,0.41,-,-,0.2653,-0.1479,-0.0129,-0.1411,0.07,-,-,-,-
SONA,"1,410.91 B",16.45,4.37,1.92,-,-,0.5442,0.0931,0.0882,0.117,0.94,5.98,4.69,4.27,-
CBUT,"1,406.25 B",12.68,6.5,1.21,-,0.2,0.147,0.008,0.0275,0.0953,3.42,16.04,1.23,0.91,1.87
STAR,"1,401.60 B",57.2,-1599.84,2.58,-,-,1,3.4671,0.0449,0.0451,0.01,-,288.56,285.71,-
OASA,"1,396.39 B",-18.18,-36.39,2.36,-,-,-0.1653,-1.6403,-0.115,-0.1299,0.07,680.09,2.84,2.84,0.03
MAIN,"1,388.03 B",3.06,2.17,0.46,0.0839,0.2958,0.1033,0.0343,0.0744,0.1511,2.24,9.61,1.44,0.87,0.42
CSRA,"1,363.25 B",4.98,3.78,0.88,0.0183,0.0877,0.3013,0.1269,0.1035,0.1764,0.83,15.02,1.48,1.2,0.48
TRGU,"1,358.67 B",40.42,13.09,1.41,-,0.1999,0.0626,0.0087,0.0094,0.035,1.12,3.48,0.96,0.44,1.92
PMJS,"1,348.05 B",10.14,2.97,0.49,0.0327,0.402,0.0648,0.0123,0.0164,0.0484,1.43,3.83,1.26,0.53,0.14
HERO,"1,347.13 B",6.12,3.91,0.77,-,-,0.4471,0.0436,0.0511,0.1261,1.16,2.82,0.61,0.15,0.53
PSSI,"1,332.60 B",-140.35,3.09,0.52,0.0203,6.6887,0.0668,-0.0109,-0.0033,-0.0037,0.3,12.56,6.81,6.45,0.06
BVIC,"1,326.20 B",9.8,5.02,0.31,-,0.3437,0.2498,0.0581,0.004,0.0315,0.07,-,-,-,-
SMBR,"1,311.09 B",9.35,4.06,0.38,0.0262,0.2,0.2898,0.0617,0.0297,0.0409,0.48,6.56,1.48,1.1,0.15
SIPD,"1,305.76 B",37.54,16.04,1.03,-,0.8334,0.0866,0.0063,0.0114,0.0275,1.86,8,1.39,0.92,0.63
IMJS,"1,301.91 B",8.13,13.26,0.25,0.0029,0.0262,0.3779,0.0265,0.0048,0.0307,0.18,25.13,0.82,0.81,5.05
ITMA,"1,298.77 B",34.41,235.97,0.35,-,0.0359,0.307,0.8096,0.0085,0.0103,0.01,22.18,0.68,0.66,0.2
WOOD,"1,274.62 B",22.44,3.61,0.28,-,0.078,0.1974,0.022,0.0072,0.0126,0.32,0.63,1.83,0.7,0.02
IPTV,"1,265.94 B",-7.33,9.51,0.21,-,-,0.1097,-0.1119,-0.0245,-0.0288,0.22,20.7,2.66,2.57,0.08
TRST,"1,263.60 B",202.96,6.69,0.49,0.0111,0.4325,0.116,0.0016,0.0012,0.0024,0.71,3.91,1.15,0.65,0.8
BSBK,"1,254.59 B",17.47,9.8,0.58,-,0.315,0.6976,0.1911,0.0246,0.0329,0.13,0.85,1.66,0.64,0.15
TDPM,"1,247.72 B",-1.48,-3.69,5.7,-,-,0.1,-1.1331,-0.3813,-3.8529,0.34,5.66,1.04,0.85,6.94
SUGI,"1,240.58 B",-4.68,20.88,0.54,-,-,0.9338,-13.2809,-0.0368,-0.1154,-,-,0.05,0.05,0.06
GRIA,"1,239.12 B",169.3,143.62,3.12,-,-,0.3194,0.1117,0.0157,0.0184,0.14,0.48,4.01,0.81,0.1
ACST,"1,237.26 B",-1.77,24.49,-3.35,-,4.8332,0.0713,-0.3291,-0.2332,1.8923,0.71,126,0.82,0.82,-4.82
KBLI,"1,234.23 B",6.25,5.23,0.43,0.0552,0.2967,0.108,0.0522,0.0565,0.0683,1.1,2.78,7.03,3.67,0.04
BLUE,"1,233.10 B",79.58,54.66,11.64,0.0115,0.587,0.3454,0.1042,0.1384,0.1463,1.35,3.18,18.33,10.59,0.01
AMFG,"1,215.20 B",47.48,2.94,0.26,0.0286,0.1455,0.1451,0.005,0.0036,0.0055,0.72,2.63,1.57,0.39,0.22
CEKA,"1,213.80 B",7.23,3.67,0.58,0.0735,0.2747,0.0439,0.017,0.0631,0.0805,3.83,20.84,4.46,3.51,-
CFIN,"1,203.33 B",5.09,22.52,0.21,0.1656,0.9275,-,0.148,0.0247,0.0405,0.17,-,-,-,1.19
AYAM,"1,200.00 B",623.84,290.51,5.6,-,-,0.0519,0.0088,0.0037,0.009,0.42,53.01,1,0.98,0.19
CARS,"1,200.00 B",8.05,6.65,1.13,-,0.0631,0.1509,0.0336,0.0503,0.14,1.49,18.86,0.96,0.84,1.18
ERAL,"1,182.75 B",6.92,3.12,0.66,0.0351,0.206,0.1734,0.025,0.0515,0.0956,2.13,4.29,1.71,0.54,0.17
TPMA,"1,157.45 B",5.43,3.75,0.45,0.1273,0.5005,0.2504,0.1133,0.0441,0.0833,0.39,30.88,1.13,1.05,0.78
JGLE,"1,151.68 B",-29.56,45.75,1.07,-,-,0.6448,-0.249,-0.0259,-0.0362,0.1,0.36,0.83,0.19,0.12
TCID,"1,142.06 B",101.56,5.74,0.62,0.0134,0.9988,0.2563,0.0053,0.0049,0.0061,0.91,2.69,6.56,4.26,-
SKLT,"1,139.72 B",11.06,8.43,1.45,0.0485,0.4796,0.2595,0.0379,0.0568,0.1307,1.51,4.83,1.52,0.85,0.49
ADHI,"1,135.03 B",-0.22,10.45,0.38,-,0.2361,0.1397,-0.544,-0.1868,-1.7382,0.34,1.79,1.01,0.75,2.61
NFCX,"1,130.00 B",-1779.91,19.1,4.13,-,-,0.0369,-0.0002,-0.0004,-0.0023,2.62,14.42,1.46,1.02,0.26
BLOG,"1,128.75 B",7.43,3.95,1.72,0.0629,-,0.1999,0.1102,0.141,0.2311,1.31,-,2.13,2.13,0.51
DILD,"1,119.51 B",19.94,6,0.2,-,0.1734,0.3917,0.023,0.0043,0.0099,0.19,0.77,1.11,0.45,0.54
ADCP,"1,111.11 B",-0.52,-1.48,2.84,-,0.1994,0.2653,-12.9506,-0.4221,-5.4463,0.03,0.05,0.91,0.02,4.5
HOME,"1,110.61 B",-31.77,-89,0.52,-,-,-0.8094,-2.3152,-0.0143,-0.0165,0.01,-,6.8,6.8,0.14
PANS,"1,108.80 B",5.04,4.25,0.69,0.0974,0.9542,-,0.4272,0.0914,0.1373,0.2,-,-,-,0.03
KKGI,"1,100.00 B",24.39,3.83,0.43,0.1455,0.3693,0.1759,0.0184,0.0149,0.0176,0.81,9.34,4.95,4.07,0.02
INDR,"1,099.31 B",-3.59,7.77,0.18,-,0.2482,0.0149,-0.0236,-0.0231,-0.0488,0.99,4.48,1,0.42,0.39
MLPL,"1,097.76 B",-22.7,3.74,0.22,-,0.1545,0.1676,-0.0041,-0.0034,-0.0096,0.79,3.9,1.14,0.72,0.58
LTLS,"1,084.20 B",7.34,3.7,0.34,0.0446,0.3236,0.162,0.0165,0.0212,0.0468,1.31,5.79,1.2,0.73,0.38
PTSN,"1,084.13 B",4.18,2.61,0.49,0.0256,0.2197,0.1244,0.0556,0.0618,0.1174,1.16,5.7,1.15,0.59,0.23
ATIC,"1,078.96 B",5.33,3.27,1.76,-,1.5625,0.131,0.0227,0.0377,0.3308,1.68,5.44,1.03,0.64,1.97
BEEF,"1,071.87 B",10.03,12.65,2.61,-,-,0.0737,0.0199,0.0485,0.2598,2.35,6.51,1.05,0.49,3.43
RAAM,"1,069.74 B",-15.3,229.77,0.83,-,0.2646,0.0775,-0.3897,-0.041,-0.0543,0.11,72.82,0.62,0.61,0.23
PTPP,"1,060.18 B",-0.17,14.78,0.33,-,0.2255,0.0955,-0.3901,-0.145,-1.8947,0.37,1.88,1.21,0.75,5.77
RONY,"1,056.25 B",-2245.41,294.82,210.03,-,-,0.3185,-0.0133,-0.0077,-0.0935,0.59,-,3.78,3.78,8.22
PSAT,"1,045.06 B",-40.4,6.16,0.81,-,-,0.0909,-0.0258,-0.0154,-0.0199,0.6,4.96,2.2,1.34,0.14
DMMX,"1,038.46 B",17.3,9.78,1.51,-,-,0.2003,0.1038,0.0697,0.0875,0.67,3.72,3.18,2.27,-
TIFA,"1,023.04 B",16.53,12.55,0.84,0.0625,0.983,-,0.3658,0.0342,0.0506,0.09,-,-,-,-
BLES,"1,022.37 B",7.88,4.22,0.88,0.0313,0.1997,0.2914,0.0852,0.0647,0.1112,0.75,13.85,0.87,0.61,0.46
TEBE,"1,015.15 B",7.04,1.9,0.83,0.1975,1.5103,0.4147,0.2903,0.1122,0.1174,0.39,28.41,18.1,17.8,-
BUAH,"1,010.00 B",17.33,9.9,4.79,0.0495,0.4964,0.0709,0.0171,0.108,0.2766,6.62,30.26,1.51,1.27,0.01
ELTY,"1,001.00 B",160.08,8.72,0.18,-,0.2704,0.3455,0.0043,0.0007,0.0011,0.17,0.97,0.83,0.31,0.17
JKON,994.82 B,6.95,3.11,0.31,0.0328,0.2843,0.1324,0.0345,0.0326,0.0444,0.93,10.14,2.23,1.84,0.03
BEKS,985.54 B,18.45,9.72,0.52,-,-,0.3357,0.0857,0.0053,0.0282,0.06,-,-,-,-
MFMI,984.86 B,48.24,9.58,7.65,0.0262,0.9882,1,0.1189,0.0459,0.1586,0.38,-,-,3.45,-
ARII,960.00 B,-18.61,2.19,0.71,-,-,0.1082,-0.0084,-0.0049,-0.0381,0.62,10.88,0.83,0.73,0.98
BBLD,954.56 B,176.71,-275.34,0.68,0.0043,0.3052,-,0.0064,0.0008,0.0038,0.12,-,-,-,8.01
SKBM,951.56 B,8.21,5.43,0.91,-,0.2001,0.2931,0.0346,0.0536,0.1107,1.5,5.11,1.51,1.05,0.63
ASLI,943.75 B,-8.7,-14.98,2.55,-,-,-0.9775,-1.8466,-0.2676,-0.2931,0.14,1.88,3.32,1.52,0.06
FORU,939.75 B,-126.73,-299.05,48.9,-,0.4416,0.642,-0.2324,-0.2213,-0.3858,0.88,-,2.21,2.21,0.21
BKDP,939.25 B,-25.84,59.78,3.13,-,-,-0.1969,-0.974,-0.0499,-0.1213,0.05,0.91,0.91,0.07,-
POLL,931.71 B,43.36,20.73,0.58,-,-,0.3244,0.1015,0.0085,0.0133,0.08,0.36,1.45,0.15,0.3
GHON,929.50 B,12.61,8.45,1.19,0.1053,1.1671,0.7182,0.3523,0.0518,0.0945,0.14,-,0.17,0.17,0.68
TALF,927.10 B,23.03,8.82,0.72,0.0044,0.2246,0.1037,0.0297,0.0218,0.0311,0.73,6.01,2.21,1.4,0.1
KDTN,918.77 B,358.87,104.6,13.35,0.0012,0.6073,0.4657,0.0722,0.0312,0.0372,0.44,12.65,1.16,0.98,0.12
FAST,913.77 B,-2.89,40.98,1.97,-,0.3414,0.587,-0.0619,-0.0608,-0.68,1.01,9.45,0.35,0.25,4.6
GSMF,910.75 B,13.35,8.93,0.37,-,-,-,0.0726,0.0123,0.0277,0.17,-,-,-,0.02
BUDI,908.80 B,7.43,6.66,0.58,0.0446,0.3026,0.1427,0.0358,0.0301,0.0775,0.84,3.6,1.75,1.2,1.24
LIVE,886.44 B,592.18,32.71,2.64,-,-,0.4281,0.0075,0.0029,0.0045,0.38,0.51,2.6,1.29,0.48
NRCA,883.68 B,5.1,1.94,0.63,0.113,0.5689,0.1137,0.0487,0.0593,0.1233,1.22,4058.44,1.82,1.82,0.25
CAMP,876.87 B,11.51,4.28,0.87,-,0.9237,0.5494,0.0649,0.0637,0.0752,0.99,3.9,4.44,3.31,-
ARTA,868.78 B,-253.46,111.58,5.79,0.0144,0.9665,0.6573,-0.0496,-0.0132,-0.0228,0.26,16.81,9.53,9.26,-
RELI,846.00 B,70.73,28.85,1.59,-,0.9996,-,0.2113,0.0169,0.0225,0.08,-,-,-,0.11
AMAN,844.42 B,18.87,11.61,1.01,-,0.0702,0.6313,0.1972,0.0302,0.0535,0.15,0.23,2.53,1.32,0.37
JIHD,838.45 B,-4.12,-32.97,0.24,-,-,0.7761,-0.1266,-0.029,-0.0581,0.24,8.99,0.84,0.8,0.19
AISA,838.06 B,12.8,5.28,0.72,-,0.255,0.3842,0.033,0.0303,0.0565,0.93,10.39,0.83,0.67,0.28
GWSA,834.68 B,6.39,-18.23,0.12,-,-,0.4275,1.7873,0.017,0.018,0.01,0.03,25.62,3.68,-
HITS,823.73 B,-10.1,3.89,0.75,-,0.1241,0.2268,-0.0365,-0.0149,-0.0746,0.42,14.8,1.4,1.3,2.46
BEST,820.02 B,11.31,8.25,0.18,-,0.1997,0.601,0.1539,0.0125,0.0162,0.08,0.12,5.58,1.72,0.25
INRU,819.44 B,-0.64,69.1,5.84,-,-,-0.0258,-0.9725,-0.1888,-9.131,0.19,3.07,0.89,0.38,35.31
MINE,816.89 B,4.05,1,0.82,0.0738,0.2982,0.166,0.0818,0.1016,0.2024,1.21,24.14,3.49,3.21,0.19
PTPW,812.32 B,20.08,8.39,1.23,0.0062,0.267,0.3674,0.1268,0.0531,0.0612,0.43,29.15,5.66,5.57,0.03
PPRO,801.78 B,-0.16,-35.08,0.15,-,0.1008,0.0798,-14.973,-0.4775,-0.9195,0.03,0.05,3,0.71,0.18
KOTA,801.51 B,15.17,18.5,0.65,-,-,0.7139,0.3516,0.0279,0.0426,0.08,3.62,2.38,2.24,0.46
KONI,789.36 B,39.43,27.99,4.44,-,-,0.2244,0.0657,0.1032,0.1125,1.53,3.66,40.28,23.1,-
TBMS,782.43 B,6.78,7.75,0.59,0.0538,0.2979,0.019,0.0071,0.0314,0.0865,4.89,17.06,1.52,1.07,0.88
VOKS,781.25 B,-13.36,20.53,1.38,-,0.197,0.0812,-0.0288,-0.0275,-0.1029,1.02,3.49,1.04,0.65,1.47
CMPP,780.01 B,-0.85,11.62,-0.07,-,-,1,-0.1152,-0.1924,0.0831,1.62,-,0.05,0.04,-0.39
SPMA,779.06 B,7.54,2.83,0.31,-,0.2119,0.1536,0.0375,0.0275,0.0413,0.74,2.05,1.9,0.45,0.31
ADMG,773.95 B,-219.71,45.68,0.4,-,-,0.0209,-0.0015,-0.0013,-0.0018,0.91,5.91,1.61,1.02,-
SHID,772.34 B,-30.94,34.36,1.1,-,-,0.6253,-0.2097,-0.0199,-0.0354,0.09,0.21,2.23,0.08,0.02
MABA,768.26 B,-2.94,-113.54,2.75,-,-,0.4572,-5.7559,-0.1176,-0.9353,0.02,9.61,1.36,1.36,4.26
RANC,766.60 B,-18.83,7.41,2.83,-,0.6253,0.2502,-0.0136,-0.0344,-0.1505,2.53,5.12,0.9,0.18,1.56
WOMF,765.93 B,7.18,19.78,0.39,0.0558,0.2999,-,0.049,0.0122,0.0542,0.27,-,-,-,6.51
DOOH,758.41 B,29.5,13.47,3.05,-,-,0.364,0.1198,0.0826,0.1034,0.65,56.34,8.72,8.61,-
ZINC,757.50 B,-3.49,-25.63,2.14,-,0.0908,0.7467,-4.062,-0.0933,-0.6143,0.02,0.07,0.11,0.02,4.2
SOSS,755.26 B,-40.75,-9216.6,3.09,0.0026,0.3427,0.0601,-0.0088,-0.0306,-0.0758,3.93,353.65,1.71,1.69,0.47
HGII,728.00 B,45.44,25.45,0.97,0.0062,0.12,0.7546,0.2665,0.0168,0.0213,0.06,-,9.17,9.17,0.12
CHIP,725.40 B,-,-,10.6,0.0022,0.1995,-,-,-,-,-,-,3.19,1.27,0.21
KSIX,722.59 B,61.77,105,0.57,-,-,0.6154,0.1111,0.0086,0.0093,0.08,0.1,58.16,19.28,-
RSCH,720.80 B,-49.94,74.8,5.7,-,-,0.1771,-0.1224,-0.0727,-0.1142,0.59,70.09,0.5,0.46,0.51
BBRM,720.76 B,6.92,4.41,0.93,-,-,0.4873,0.4593,0.1247,0.1346,0.27,90.69,11.6,11.54,0.07
PPRE,715.70 B,-0.48,10.62,0.69,-,0.101,-0.0268,-0.3451,-0.2245,-1.4188,0.64,20.9,1.29,1.23,1.73
MTWI,713.57 B,16.3,11.48,1.73,0.02,0.0814,-,0.0243,0.0133,0.106,0.52,-,-,-,-
PTMR,713.22 B,-30.5,75.32,9.27,-,-,0.2699,-0.1948,-0.1908,-0.3039,0.99,7.81,3.02,2.68,0.04
BLTA,705.07 B,11.8,1.37,0.61,-,-,0.1971,0.0749,0.0232,0.0516,0.31,20.21,1.66,1.57,0.17
PADI,701.05 B,74.26,161.81,4.25,-,-0.0779,-,0.1326,0.0443,0.0572,0.3,-,-,-,-
SQMI,699.19 B,-25.5,-10.89,5.92,-,-,0.6248,-16.0201,-0.0534,-0.2323,-,0.12,0.02,0.01,-
FUTR,696.73 B,89.79,32.6,3.17,-,-,0.3457,0.1203,0.0323,0.0353,0.27,57.79,11.32,11.28,0.02
KDSI,696.60 B,23.6,7.33,0.87,0.0465,1.0019,0.1279,0.0142,0.0247,0.0368,1.72,5.57,2.51,1.27,0.12
GZCO,690.00 B,7.35,4.2,0.59,-,0.3564,0.2362,0.1178,0.0432,0.0797,0.37,7.5,0.56,0.37,0.09
BOLA,690.00 B,16.05,15.35,1.08,-,0.0313,1,0.1149,0.0536,0.0673,0.44,-,6.86,6.67,-
ASLC,688.30 B,18.68,8.78,0.89,0.0185,0.3029,0.251,0.0346,0.0403,0.0479,1.15,11.12,5.61,4.91,-
INDO,685.55 B,20.98,45.03,0.62,-,-,0.6582,1.1224,0.0284,0.0295,0.03,-,101.23,101.23,-
BSML,684.58 B,314.02,40.85,5.17,-,0.1756,0.3559,0.0508,0.011,0.0165,0.22,5.71,1.29,1.2,0.14
WSBP,681.37 B,-1.15,-71.72,-0.32,-,0.579,0.1572,-0.3788,-0.2019,0.2816,0.52,7.77,0.41,0.31,-1.82
RODA,679.61 B,-9.8,-148.01,0.36,-,-,0.2284,-0.4344,-0.0216,-0.0372,0.05,0.1,5.89,0.36,0.22
WMPP,676.64 B,-3.19,-347.41,2.66,-,-,0.0028,-0.2099,-0.0468,-0.8339,0.22,45.65,0.61,0.6,10.82
PDPP,673.50 B,16.14,8.3,1.53,0.0053,0.1503,0.1765,0.0688,0.0649,0.0947,0.97,6.08,1.44,0.94,0.33
BPFI,663.15 B,7.98,32.47,0.55,0.0399,0.2999,-,0.1642,0.0282,0.0693,0.18,-,-,-,2.78
LFLO,660.41 B,-,-,7.85,0.0091,0.2934,-,-,-,-,-,-,1.88,0.9,-
BIKE,659.90 B,-17.93,-29.68,8.78,0.0294,1.5384,0.024,-0.1114,-0.1375,-0.4897,1.15,2.53,1.36,0.75,0.02
PJAA,659.20 B,4.32,2.22,0.37,0.0632,0.2313,0.4417,0.1365,0.0433,0.0847,0.31,83.67,2.41,2.38,0.38
STRK,654.03 B,-36.39,-36.94,5.68,-,-,0.3065,-0.9758,-0.138,-0.156,0.14,2.55,8.16,7.38,0.02
NICK,651.15 B,7.36,5.77,2.21,-,-,0.9999,0.9595,0.2914,0.3,0.3,-,77.22,74.32,-
AMOR,648.89 B,8.8,6.83,2.45,0.1079,0.9237,-,0.2375,0.2022,0.2785,0.85,-,-,-,-
DGIK,648.32 B,12.15,14.56,0.87,-,0.304,0.1488,0.0573,0.0338,0.0718,0.6,70.95,1.2,1.18,0.35
WMUU,647.06 B,-9.06,74.41,0.85,-,0.1002,-0.0039,-0.0843,-0.0307,-0.0941,0.36,270.76,1.29,1.26,1.51
IPOL,644.34 B,36.45,7.11,0.22,-,0.2804,0.1673,0.0043,0.0027,0.006,0.64,5.41,1.19,0.86,0.97
LCGP,641.82 B,2008.04,601.85,0.4,-,-,0.6763,0.1953,0.0002,0.0002,-,-,39.95,26.08,-
GDST,637.73 B,13.42,18.12,0.45,0.0362,0.3155,0.1149,0.0219,0.0139,0.0334,0.63,5.3,0.99,0.78,1.08
MDLN,626.65 B,-0.82,-38.47,0.18,-,0.2446,0.4583,-0.8106,-0.0568,-0.216,0.07,0.21,0.61,0.11,1.83
DPUM,626.25 B,-14.24,26.7,1.79,-,-,0.0478,-0.0382,-0.0386,-0.1254,1,7.46,2.98,2.02,1.62
SMRU,624.97 B,-29.78,-88.68,1126.27,-,-,-0.9193,-0.3509,-0.0323,-37.8157,0.09,16.94,0.05,0.04,995.25
BELL,616.25 B,91.8,14.85,2.52,0.0162,1.0349,0.3144,0.0114,0.011,0.0275,1,1.7,1.37,0.58,0.68
IBOS,613.00 B,-,-,1.79,-,-,-,-,-,-,-,-,11.4,0.33,-
TAMU,600.00 B,-23.93,-4.24,2.07,-,-,0.6291,-0.3705,-0.0397,-0.0863,0.11,-,1.08,1.08,0.79
CITY,599.98 B,28.66,24.93,0.67,-,-,0.5809,0.1412,0.0184,0.0235,0.13,0.2,5.33,2.33,0.14
WIRG,596.93 B,7.83,3.05,0.7,-,-,0.1134,0.0303,0.0515,0.09,1.61,1871.37,1.77,1.77,-
BDKR,595.36 B,23.4,3.55,0.77,0.0079,0.312,0.4183,0.0645,0.0233,0.0329,0.36,10.69,4.92,4.72,0.09
AXIO,589.85 B,8.46,7.83,1.13,0.0891,0.4296,0.1632,0.0413,0.0533,0.1335,1.32,2.15,1.23,0.27,0.69
IDPR,588.88 B,19.83,7.18,0.85,0.017,0.4311,0.163,0.0223,0.0168,0.0429,0.77,3.93,1.2,0.91,0.62
BRNA,587.47 B,94.69,8,0.65,-,0.2429,0.1839,0.006,0.0028,0.0068,0.46,5.31,0.94,0.57,0.96
IKBI,585.07 B,4.06,1.47,0.42,0.0579,0.3737,0.0792,0.0332,0.079,0.1028,2.14,6.64,3.39,1.58,0.08
FOLK,580.97 B,131.6,340.95,3.78,-,-,0.507,0.2534,0.0299,0.0287,0.16,6.57,8.65,8.54,-
MSKY,568.40 B,-17.63,4.27,0.75,-,0.4873,0.3233,-0.0934,-0.0258,-0.0423,0.27,4.33,0.76,0.63,0.19
RSGK,567.10 B,15.92,5.34,0.68,-,0.9596,0.315,0.0726,0.0331,0.0425,0.45,22.36,1.22,1.08,-
MOLI,566.60 B,5.86,3.41,0.45,-,0.1197,0.3099,0.0667,0.0588,0.0765,0.89,3.12,8.62,5.74,-
PANR,566.10 B,6.27,3.1,0.6,0.0735,0.466,0.1067,0.0228,0.0441,0.0953,2,3722.99,1.57,1.57,0.17
URBN,565.62 B,-3.13,-135.22,0.65,-,-,0.2061,19.8293,-0.0434,-0.2081,-,-,1.02,0.38,0.59
COCO,562.39 B,-2.24,-3.99,4.99,-,-,0.0231,-1.5196,-0.4626,-2.2243,0.36,2.49,1.64,1.52,3.41
MPPA,557.57 B,-4.35,4.2,-238.89,-,2.3383,0.1766,-0.0174,-0.0399,54.8783,2.16,4.86,0.78,0.31,-403.07
AREA,548.55 B,63.27,20.24,2.26,-,-,0.4614,0.1262,0.0321,0.0357,0.25,169.81,4.02,4,0.05
BAIK,547.96 B,103.77,40.02,4.02,-,-,0.1937,0.0238,0.0353,0.0387,1.5,2.38,9.36,2.88,0.01
EKAD,541.55 B,10.84,6.99,0.44,0.0581,0.593,0.2909,0.092,0.0367,0.0405,0.4,2.28,20.28,16.39,-
WTON,540.36 B,13.53,2.15,0.15,0.0074,0.1002,0.0728,0.0118,0.0063,0.011,0.54,4.29,1.31,0.99,0.05
VERN,533.75 B,134.26,49.73,1.01,-,-,0.2594,0.0581,0.0072,0.0075,0.12,-,17.7,17.7,0.02
GULA,533.04 B,-92.63,411.74,3.72,-,-,0.0268,-0.0285,-0.0262,-0.0401,0.92,4.07,1.27,0.4,0.52
IRRA,528.00 B,8.01,12.17,0.9,-,0.2675,0.2436,0.0597,0.0257,0.112,0.44,0.82,1.41,0.6,1.67
LABS,521.40 B,43.21,15.51,-,-,-,0.4028,0.0586,-,-,-,-,-,-,-
MITI,513.82 B,40.11,11.55,1.1,-,0.2922,0.3337,0.0609,0.0215,0.0275,0.36,54.84,5.51,5.47,0.05
HDFA,510.31 B,-6.11,-4.99,1.04,-,0.5746,-,-0.2014,-0.0265,-0.1694,0.12,-,-,-,-
SOTS,505.00 B,-46.8,-115.2,2.9,-,-,0.6095,-0.509,-0.0258,-0.062,0.05,15.97,1.74,1.73,0.27
PZZA,501.63 B,16.6,1.53,0.48,0.01,0.2027,0.7029,0.0098,0.0159,0.0291,1.61,4.19,0.71,0.28,0.24
PEVE,494.38 B,8.8,8.76,1.37,-,-,0.1077,0.0157,0.041,0.1551,2.59,7.24,1.36,0.92,1.12
PBRX,494.09 B,-0.42,5.84,0.37,-,0.1648,0.0857,-0.2517,-0.3204,-0.8667,1.3,2.64,3.42,1.31,0.52
PGJO,489.45 B,-,-,-244.66,-,-,-,-,-,-,-,-,0.96,0.96,-
TGUK,489.29 B,-32.35,929.88,6.41,-,-,0.0491,-0.0625,-0.0544,-0.1983,1.19,7.81,1.07,0.99,0.07
MREI,486.72 B,5.28,5.38,0.3,0.016,0.1529,-,0.0393,0.0169,0.0563,0.44,-,-,-,0.35
HOKI,483.89 B,-12.34,-513.56,0.86,0.02,-3.2249,0.0632,-0.0284,-0.0419,-0.0701,1.43,16.36,1.71,1.55,0.6
MAXI,480.50 B,-49.55,127.21,3.49,-,-,0.1916,-0.0685,-0.0328,-0.0704,0.48,12.28,0.88,0.72,1
GLVA,480.00 B,16.7,7.46,1.15,0.0469,0.2952,0.1283,0.0149,0.0283,0.0691,1.89,3.53,1.74,0.81,0.74
WEGE,478.60 B,-0.72,12.63,0.25,0.0142,0.1001,0.0791,-0.5146,-0.1726,-0.3443,0.33,3.94,1.8,1.61,0.1
UNSP,477.53 B,1.96,8.89,-0.09,-,0.1529,0.2997,0.0928,0.0679,-0.0462,0.74,17.83,0.1,0.09,-0.9
SMGA,472.50 B,8.74,5.57,1.11,-,-,0.0524,0.0241,0.0443,0.1265,2.08,-,1.39,1.39,0.08
SULI,467.74 B,-6.82,-25.32,2.09,-,-,0.0807,-0.2595,-0.0956,-0.3064,0.36,5.15,0.32,0.2,0.54
AWAN,467.16 B,-49.22,100.8,6.56,-,-,0.3258,-0.154,-0.1033,-0.1333,0.67,-,3.17,3.17,0.13
CHEK,456.58 B,36.08,10.53,2.16,-,-,0.3912,0.0623,0.0512,0.0598,0.8,1.07,5.63,2.42,0.07
GDYR,455.10 B,12.89,1.39,0.44,-,0.2506,0.1045,0.0147,0.02,0.0342,1.38,6.29,1.12,0.63,0.02
True,454.27 B,-7.64,-11.13,1.87,-,-,0.3153,-1.1294,-0.0763,-0.2454,0.07,0.08,1.87,0.46,0.84
NIKL,454.20 B,16.07,12.35,0.47,0.0111,0.3137,0.0625,0.0123,0.0153,0.0293,1.19,5.73,1.61,1.18,0.75
ASPR,452.90 B,52.64,15.48,2.55,-,-,0.2353,0.0323,0.0247,0.0484,0.79,2.69,1.37,0.7,0.64
SWID,452.34 B,10.25,8.2,1.62,0.0112,0.2715,0.6114,0.2401,0.0864,0.1585,0.36,0.36,3.54,1.32,0.61
ARMY,450.31 B,81.64,57.24,0.31,-,-,0.4328,0.0927,0.0032,0.0037,0.03,0.15,5.72,1.57,-
MAGP,450.00 B,-7.08,28.3,6.11,-,-,-0.0362,-0.3797,-0.0756,-0.863,0.2,18.53,0.32,0.3,4.87
GTBO,447.50 B,-6.13,-5.64,0.59,-,0.1375,-0.0916,-0.33,-0.0823,-0.0969,0.25,10.76,1.27,0.97,-
TRIS,446.09 B,7.21,3,0.8,0.0706,0.5165,0.2672,0.0352,0.0435,0.1104,1.28,2.99,1.99,1,0.41
ENAK,442.00 B,-5.38,3.81,1.94,-,0.4174,0.6594,-0.0578,-0.0803,-0.3597,1.36,13.6,0.25,0.17,1.3
LEAD,440.77 B,2.32,2.21,0.46,-,0.2333,0.3014,0.2965,0.1064,0.1986,0.35,30.93,1.45,1.4,0.72
CLPI,439.60 B,6.39,3.18,0.71,0.097,0.7599,0.1404,0.0684,0.0779,0.1118,1.16,4.71,3.08,2.32,0.11
KBRI,434.40 B,-12.67,-18.37,3.2,-,-,-30.3543,-24.0294,-0.0339,-0.2522,-,12.15,0.03,0.02,5.35
BBSS,432.00 B,-788.26,-1002.27,1.76,-,-,0.2991,-0.1721,-0.0022,-0.0022,0.01,0.03,108.82,20.2,-
NZIA,430.72 B,-31.41,-55.85,0.94,-,0.6076,0.3422,-0.3379,-0.0245,-0.0299,0.07,0.17,7.69,0.95,0.08
MDKI,430.13 B,14.02,4.81,0.44,0.0529,0.7348,0.2298,0.0968,0.0288,0.0313,0.3,2.07,9.26,6.22,0.01
GPRA,427.67 B,8.4,6.73,0.31,0.05,0.1723,0.5575,0.1265,0.0258,0.0373,0.2,0.13,5.82,0.66,0.23
ZATA,424.80 B,236.85,10.83,0.81,0.001,0.1974,0.452,0.0094,0.0026,0.0034,0.28,0.32,6.8,1.99,0.1
POSA,419.44 B,-3.49,-100.97,-0.8,-,-,-0.0557,-2.2972,-0.1724,0.2286,0.07,130.54,0.02,0.02,-1.11
BTEK,416.50 B,-1.03,-65.56,1.58,-,-,-2.8592,-9.4312,-0.115,-1.5418,0.01,7.79,6.19,2.94,9.38
VIVA,411.61 B,0.37,8.6,-9.59,-,-,0.6376,1.1803,0.1765,-26.2503,0.15,-,1.1,1.1,-0.18
KMDS,408.00 B,7.43,5.95,1.51,0.0824,0.6014,0.2912,0.1227,0.1663,0.2032,1.4,4.73,3.41,2.13,-
NELY,404.20 B,-56.62,3.63,0.45,0.0581,0.5911,0.1171,-0.022,-0.0061,-0.0079,0.28,11.05,3.59,3.32,0.22
PNSE,398.91 B,-31.65,7.73,3.67,0.001,0.0994,0.5239,-0.0564,-0.0333,-0.1158,0.59,6.49,0.49,0.39,0.11
ESTA,395.33 B,-52.06,34.78,2.22,-,-,0.5766,-0.149,-0.0227,-0.0426,0.15,68.57,0.55,0.55,0.81
APEX,393.66 B,5.03,0.36,0.33,-,-,0.2846,0.0581,0.0176,0.0655,0.31,2.2,4.03,2.64,0.23
SOFA,393.55 B,-,-,10.11,-,-,-,-,-,-,-,-,1.97,0.49,0.01
JECC,393.12 B,5.93,8.61,0.44,0.0192,0.0987,0.0679,0.0171,0.0268,0.0737,1.54,6.06,1.26,0.8,1.13
APLI,392.45 B,67.74,9.35,1.13,0.1529,10.6471,0.1146,0.0194,0.0121,0.0166,0.63,4.4,3.61,2.54,0.18
YPAS,390.78 B,42.79,19.63,3.02,-,-,0.0962,0.0252,0.0338,0.0706,1.36,5.52,1.95,1.26,0.86
INAF,390.51 B,-5.01,-2.79,-0.55,-,0.1002,-0.1268,-0.5146,-0.1455,0.1103,0.27,3.3,0.19,0.08,-0.35
CRAB,390.00 B,13.13,6.78,1.7,0.01,0.1344,0.1325,0.0488,0.0894,0.1294,1.92,6.89,2.85,2.1,0.21
FITT,388.67 B,-70.22,-246.39,5.02,-,-,0.2693,-0.6604,-0.0432,-0.0715,0.08,112.3,5.78,2.63,0.35
UNTD,386.67 B,-8.3,48.41,0.7,0.0862,1.6014,0.1409,-0.1112,-0.0387,-0.0847,0.35,0.65,1.7,0.77,1.04
AMMS,385.41 B,-,-,5.35,-,-,-,-,-,-,-,-,48.32,36.52,-
NUSA,385.00 B,-32.97,2967779.86,0.51,-,-,-0.4424,-0.9095,-0.0143,-0.0155,0.02,40.08,13.85,13.83,0.06
INPS,383.50 B,-15.88,19.81,-7.05,-,-,0.1509,-0.0878,-0.1412,0.4439,1.51,37.49,0.72,0.61,-1.07
MTFN,382.10 B,-12.14,-53.21,-0.72,-,-,0.0558,-0.0606,-0.0822,0.0594,1.19,-,-,-,-
HBAT,380.91 B,-,-,4.69,-,-,-,-,-,-,-,-,23.21,8.3,0.02
HAIS,380.81 B,5.2,4.73,0.49,0.0686,0.2999,0.2419,0.0906,0.0469,0.0936,0.52,44.79,1.43,1.36,0.73
IGAR,380.39 B,6.74,1.25,0.55,0.0122,0.0927,0.148,0.0624,0.0542,0.0815,0.88,4.61,7.97,6.24,-
CBPE,379.75 B,6.24,3.54,1.09,0.0036,0.0243,0.6941,0.5692,0.1529,0.1753,0.28,3.2,4.05,3.81,0.03
SSTM,379.37 B,-23.77,54.91,1.83,-,-,0.0409,-0.0585,-0.0449,-0.0771,0.76,1.57,1.48,0.07,-
RIGS,377.66 B,4.37,0.42,0.42,-,0.4012,0.2952,0.2625,0.0937,0.095,0.36,24.58,59.1,58.14,-
VRNA,375.37 B,215.57,187.99,0.51,-,-,-,0.0039,0.0006,0.0024,0.14,-,-,-,6.06
SMKL,372.57 B,10.15,9.18,0.36,0.0275,0.247,0.2123,0.0199,0.0134,0.0351,0.69,3.13,0.98,0.52,1.18
DADA,371.58 B,69.52,35.36,1.04,0.0028,0.9407,0.519,0.1122,0.0083,0.015,0.07,0.15,0.9,0.13,0.12
SATU,371.25 B,-139.03,65.44,8.62,-,-,0.4754,-0.0904,-0.0128,-0.062,0.14,0.15,1.06,0.12,0.47
TIRT,366.26 B,33.69,34.52,-0.61,-,-,0.6255,0.2699,0.0286,-0.018,0.11,38.35,24.9,24.79,-1.53
NASA,363.16 B,198.93,164.5,0.33,-,-,0.8,0.2329,0.0016,0.0017,0.01,15.36,2.57,2.57,-
UFOE,359.38 B,18.23,7.44,1.46,-,0.2475,0.1301,0.0162,0.0349,0.0799,2.19,4.91,1.01,0.26,0.49
PDES,357.50 B,11.23,5.96,3.46,0.002,0.0252,0.202,0.0503,0.0903,0.3082,1.89,-,1.66,1.66,1.48
BAYU,356.75 B,3.65,-1.28,0.63,0.099,0.3349,0.0878,0.0407,0.1005,0.1714,2.49,-,2.46,2.46,-
GUNA,355.00 B,6.22,3.99,0.58,0.0525,0.3001,0.1229,0.0322,0.0475,0.0937,1.55,8.46,2.08,1.55,0.29
SCNP,355.00 B,24.84,22.37,1,0.0076,0.2218,0.1485,0.0559,0.0321,0.0404,0.59,3.27,3.42,2.6,0.04
EAST,354.87 B,11.06,7.59,0.76,0.1093,0.4512,0.7648,0.3352,0.0654,0.0688,0.19,34.07,1.79,1.74,0.01
MHKI,352.50 B,10.82,4.89,0.72,0.0229,0.2504,0.4744,0.1635,0.064,0.067,0.39,8.19,13.19,12.1,0.02
DART,348.69 B,-1.38,21.43,0.31,-,0.4911,0.4648,-0.4937,-0.0417,-0.2267,0.08,4.81,0.05,0.03,3.01
TYRE,348.06 B,16.95,8.64,1.03,-,0.3527,0.176,0.0346,0.0329,0.0605,0.96,4.06,1.01,0.49,0.65
PMUI,348.00 B,8.49,3.27,0.82,0.0833,0.7896,0.0623,0.0101,0.0671,0.0965,6.98,17.44,3.94,2.31,0.08
WINE,344.17 B,9.36,6.8,1.01,0.0276,0.2118,0.3942,0.1284,0.0822,0.1074,0.64,0.9,3.27,0.68,0.24
SRSN,343.14 B,3.55,2.23,0.41,0.0193,0.0856,0.2732,0.0816,0.0954,0.1151,1.15,3.16,4.08,2.49,0.04
MYTX,340.88 B,-35.55,69.1,-0.58,-,-,0.012,-0.0096,-0.0029,0.0164,0.3,2.51,0.28,0.07,-3.09
KOCI,339.52 B,23.75,20.44,2.36,0.0263,0.6416,0.4285,0.2459,0.0934,0.0995,0.39,1,8.43,4.56,-
MUTU,336.30 B,14.45,5.62,1.42,0.0216,0.3006,0.4298,0.0709,0.0703,0.098,1.01,18.9,4.31,4.11,0.23
PIPA,332.33 B,90.56,121.64,2.22,-,-,0.2872,0.111,0.0212,0.0245,0.19,0.52,3.57,1.33,0.1
VTNY,332.06 B,242.98,1.85,0.8,-,-,0.5309,0.0194,0.0008,0.0033,0.21,-,-,1.35,3.81
BEER,332.00 B,407.2,35.34,1.42,-,0.1005,0.5703,0.0236,0.0032,0.0035,0.14,1.07,18.11,16.94,0.02
KOBX,331.79 B,-2.56,23.54,0.62,-,0.367,0.1591,-0.0768,-0.0378,-0.2406,0.5,1.09,0.72,0.21,2.44
REAL,331.68 B,-,472.64,0.88,0.0032,0.044,0.4005,0.008,-0.0071,-0.0072,0.02,0.11,27.21,1.8,-
FUJI,330.20 B,56.49,21.98,1.81,-,-,-,0.4147,0.0313,0.0321,0.07,-,-,-,-
ATAP,330.00 B,-7098.26,118.12,4.31,-,0.0697,0.3984,-0.0024,-0.0004,-0.0006,0.19,0.17,5.34,1.52,0.27
SURI,329.39 B,-1827.72,102.07,0.96,-,-,0.0841,-0.0012,-0.0005,-0.0005,0.39,2.51,5,3.61,-
HALO,328.25 B,55.5,11.95,1.38,-,-,0.1508,0.0285,0.0182,0.0249,0.67,2.1,4.28,2.42,0.16
ETWA,326.81 B,-4.22,-107.1,-0.76,-,0.9624,-493.1135,-2207.3059,-0.0877,0.1796,-,10.87,0.13,0.13,-2.23
TIRA,323.40 B,39.13,13.71,1.87,-,-,0.3779,0.0271,0.0201,0.0477,0.75,1.65,1.15,0.53,0.6
BOBA,321.30 B,16.09,8.75,1.84,0.0288,0.554,0.3445,0.1119,0.0999,0.1146,0.93,7.22,2.66,1.93,-
HYGN,318.15 B,15.14,6.12,1.86,0.0238,0.3842,0.3591,0.056,0.0874,0.1232,1.65,10.31,2.64,2.14,0.06
KBLM,313.60 B,16.93,4.76,0.22,0.0714,0.2895,0.0365,0.0093,0.0095,0.0129,1.1,10.73,1.58,1.2,-
KIAS,313.51 B,-31.17,11.73,0.44,-,0.2642,0.0541,-0.0165,-0.0107,-0.0142,0.65,9.44,1.75,1.33,-
COAL,312.50 B,-33.6,6.97,0.88,-,-,0.2626,-0.0799,-0.0113,-0.0262,0.14,0.35,0.76,0.18,0.55
ATLA,309.98 B,94.01,15.39,1.83,0.0112,1.4746,0.2529,0.0442,0.0187,0.0194,0.42,-,12.91,12.91,0.01
GOLD,309.10 B,16.14,7.4,0.71,-,-,0.6182,0.3371,0.0408,0.044,0.12,-,0.86,0.86,-
BMSR,306.03 B,3.11,7.46,0.34,-,-,0.0849,0.0281,0.0607,0.1084,2.04,998.25,2.07,2.06,0.47
GTRA,304.99 B,4.28,2.29,0.75,0.0113,0.0875,0.3391,0.0993,0.0504,0.1754,0.54,23.46,1.47,1.37,0.51
ASRM,304.16 B,16.24,5.72,0.42,0.0126,0.1771,-,0.0129,0.0112,0.0261,0.95,-,-,-,0.39
VAST,302.52 B,17.37,14.84,0.76,-,-,0.8273,0.4328,0.0342,0.0435,0.08,-,0.35,0.35,0.14
RMKO,300.00 B,-7.54,12.35,1.89,-,-,-0.0349,-0.0915,-0.0646,-0.2507,0.74,11.7,0.33,0.23,0.48
BABY,296.90 B,40.77,4.46,0.66,-,-,0.4379,0.0064,0.0102,0.0162,1.62,1.85,2.49,0.77,-
DYAN,294.83 B,6.44,1.77,0.4,-,0.1116,-,0.0365,-,0.0629,0.94,46.38,1.56,1.53,0.24
WICO,294.43 B,-10.41,-13.03,-1.34,-,-,0.1462,-0.0661,-0.1891,0.1284,3.1,23.41,0.79,0.56,-1.19
TFAS,293.33 B,-13.62,211.59,1.75,-,-,0.0305,-0.0623,-0.0992,-0.1282,1.61,3.92,4.35,2.42,0.05
ELIT,292.56 B,8.49,4.6,1.76,0.0347,0.3925,0.2877,0.0836,0.1113,0.2068,1.36,-,1.65,1.65,0.12
TARA,292.02 B,-62.61,-72.51,0.28,-,-,0.4845,-0.9521,-0.0043,-0.0045,-,-,3.49,3.49,-
MICE,291.60 B,7.18,4.6,0.3,0.0206,0.1424,0.488,0.0313,0.0273,0.0419,0.87,1.55,1.7,0.83,0.34
ZONE,290.64 B,14.41,2.52,0.71,0.0359,0.2992,0.5186,0.0236,0.0311,0.0491,1.21,1.13,2.42,0.44,0.16
IKPM,288.08 B,-10.88,-28.89,1.31,-,0.2471,0.4228,-0.0702,-0.056,-0.1206,0.81,3.83,1.37,1.12,0.78
UVCR,288.02 B,26.5,26.67,2.67,0.0035,0.1827,0.0424,0.01,0.04,0.1007,4.44,14.98,1.47,0.92,0.57
AHAP,284.20 B,-13.03,-12.09,1.65,-,0.5978,-,-0.0259,-0.0255,-0.1266,0.96,-,-,-,0.35
JATI,283.84 B,14.65,7.71,1.5,0.022,0.3,0.1622,0.0287,0.038,0.1021,1.46,17.21,1.22,1,0.49
BOAT,283.64 B,8.42,4.91,0.71,-,-,0.2138,0.1149,0.058,0.0844,0.51,65.98,1.31,1.26,0.36
ALMI,282.38 B,-5.41,-10.79,3.61,-,2.922,1801.1389,-87289.1938,-0.1173,-0.6666,-,0.01,0.41,-,-
AKPI,281.63 B,8.89,5.38,0.15,0.018,0.4725,0.1103,0.0108,0.0086,0.0173,0.8,6.8,1.27,0.93,0.69
PADA,280.35 B,54.38,15.39,2.29,-,0.3521,0.0363,0.0038,0.0145,0.042,4.43,-,1.56,1.56,1.42
MPXL,280.00 B,-37.4,18.43,3.11,0.0071,0.2815,0.1539,-0.0575,-0.0373,-0.0832,0.63,68.89,0.93,0.89,1.09
HOMI,277.20 B,313.27,94.65,2.09,-,-,0.3339,0.033,0.0049,0.0067,0.15,-,1.95,1.95,0.09
CCSI,274.67 B,32.99,8.48,0.5,-,0.2582,0.1797,0.0267,0.0109,0.0151,0.39,1.08,2.75,1.2,0.13
GRPM,271.09 B,-,-,3.73,0.0057,0.6049,-,-,-,-,-,-,1.53,0.96,0.37
CNKO,268.69 B,1.42,0.38,-0.26,-,-,0.1951,0.0997,0.1915,-0.1832,2.02,53.28,0.47,0.46,-0.16
AMIN,267.84 B,10.76,6.23,1.33,0.0323,0.4735,0.1862,0.0751,0.0812,0.1232,1.09,4.52,2.36,1.6,-
LPLI,266.86 B,0.32,6.82,0.14,-,-,0.2166,56.7133,0.4359,0.4409,0.01,-,92.22,92.22,0.01
WGSH,264.80 B,-,-,4.09,0.0039,0.243,-,-,-,-,-,-,4.72,3.75,0.11
IOTF,264.51 B,676.76,24.77,1.69,-,-,0.4065,0.006,0.0022,0.0025,0.37,0.77,7.21,3.31,0.1
ALKA,263.99 B,15.76,14.61,1.15,-,-,0.4166,0.1399,0.0641,0.0729,0.47,6.9,9.21,8.74,-
UNIQ,263.67 B,36.17,3.45,0.58,-,0.2941,0.1242,0.0147,0.0099,0.016,0.67,58.79,1.7,1.67,0.52
CRSN,263.17 B,43.18,4.86,1.14,0.0036,0.169,0.5192,0.012,0.0159,0.0263,1.33,194.17,2.37,2.35,0.38
DGNS,262.50 B,78.45,18.18,1.3,-,0.1139,0.4805,0.0196,0.0105,0.0165,0.54,13.41,2.89,2.67,0.28
PJHB,259.20 B,-,9.39,0.8,-,-,-,-,-,-,-,-,21.06,21.06,-
HRME,256.23 B,-46.48,32.02,0.47,-,-,0.5433,-0.0539,-0.0064,-0.0102,0.12,66.17,0.31,0.31,0.37
ASHA,255.00 B,-13.25,-18.97,2.45,-,-,0.0053,-0.1017,-0.1527,-0.1849,1.5,13.26,2.06,1.28,-
SOLA,253.13 B,4.56,3.76,1.24,0.0078,0.2945,0.2254,0.1407,0.1635,0.2723,1.21,30.08,2.62,2.48,0.18
PEGE,252.17 B,-4.93,-7.85,1.76,-,0.5148,1,4.1895,-0.3057,-0.3566,-0.07,-,7.11,7.11,-
BIPP,251.43 B,-5.73,16.53,0.32,-,-,0.369,-0.192,-0.0242,-0.0558,0.13,0.54,1.45,0.25,0.9
PRIM,251.11 B,-12.84,25.26,0.27,-,-,0.2197,-0.0593,-0.0189,-0.0209,0.32,3.28,2.17,1.2,-
JMAS,250.00 B,46.02,29.59,1.95,-,-,-,0.0703,0.0127,0.0424,0.18,-,-,-,-
SAFE,249.65 B,7.34,3.3,3.6,-,-,0.2877,0.1671,0.172,0.491,1.02,-,0.55,0.55,0.01
KOKA,248.94 B,-8.99,-42.33,1.68,-,-,0.2957,-0.7124,-0.1573,-0.1864,0.22,-,4.58,4.58,0.02
BTON,247.68 B,11.6,64.91,0.8,-,0.4107,0.0945,0.1575,0.0465,0.0687,0.3,4.18,2.79,2.59,-
CSIS,247.02 B,8.79,8.38,0.63,-,-,0.6108,0.2108,0.0375,0.0717,0.21,0.15,4.78,1.94,0.11
AKKU,245.08 B,-9.39,-54.71,0.62,-,-,0.9982,-3.2042,-0.0374,-0.0661,0.01,0.01,2.85,2.84,0.18
COWL,243.56 B,-5.39,2.7,0.27,-,0.9678,0.6804,-0.1443,-0.0123,-0.0507,0.09,0.16,1.4,0.26,2.23
BPTR,240.31 B,6.3,5,0.39,-,-,0.3267,0.0587,0.0172,0.0614,0.29,325.84,0.46,0.45,2.43
IKAI,239.50 B,-4.43,-16.31,0.39,-,-,0.3426,-0.3782,-0.0499,-0.0878,0.13,9.43,0.47,0.43,0.33
CGAS,237.38 B,13.38,5.33,0.88,0.0198,0.4988,0.1814,0.0273,0.0421,0.0658,1.58,53.13,2.48,2.39,0.13
YOII,236.30 B,11.28,9.68,1.08,-,-,-,0.0284,0.0668,0.0956,2.23,-,-,-,-
GPSO,234.69 B,-132,-117.43,5.57,-,-,0.6286,-0.355,-0.0375,-0.0422,0.1,0.11,12.79,4.55,-
NAIK,233.06 B,7.31,4.14,1.05,0.0429,0.3251,0.3214,0.1423,0.1202,0.144,0.83,3.85,7.27,5.83,0.03
HOPE,227.95 B,-13.9,89.24,3.36,-,-,0.1546,-0.2252,-0.0421,-0.242,0.18,6.82,0.93,0.87,1.35
TOSK,227.51 B,50.9,18.73,1.44,0.0088,0.2992,0.0181,0.0026,0.0217,0.0283,8.7,1945.76,2.58,2.55,0.14
DUCK,225.87 B,5.49,-2.63,0.25,-,-,0.8382,0.1222,0.0306,0.0453,0.25,5.14,2.88,2.86,0.05
BEBS,225.00 B,-5.98,-9.24,0.28,-,0.3001,-0.3765,-0.4171,-0.0415,-0.0466,0.1,4.64,0.75,0.43,-
CASH,224.69 B,-,-,5.84,-,-,-,-,-,-,-,-,1.01,0.87,0.21
BATR,223.85 B,16.62,15.4,1.43,0.0191,0.4268,0.2675,0.089,0.0588,0.0858,0.67,1.57,5.1,2.41,0.94
DEWI,216.00 B,26.16,21.85,1.31,-,-,0.1811,0.0873,0.0419,0.0499,0.5,3.56,9.92,8.12,0.16
MGNA,214.90 B,-65,17.49,7.82,-,-,-,-0.0691,-0.0267,-0.1203,0.38,-,0.34,0.3,2.25
HAJJ,214.76 B,166.59,-,0.96,-,-,0.1251,0.0014,0.0029,0.0058,1.75,6.98,3.29,2.86,0.08
KBAG,214.50 B,-26.96,-15.96,0.63,-,0.504,0.3019,-0.358,-0.0199,-0.0232,0.06,0.1,3.81,0.83,0.01
LAPD,214.18 B,-32.37,-96.59,-9.1,-,-,0.0569,-0.039,-0.0503,0.2812,1.24,9.6,0.62,0.36,-0.09
MDRN,213.70 B,2.03,3.84,-1.05,-,0.3636,0.8034,3.4507,0.5913,-0.5159,0.17,0.28,0.28,0.13,-1.18
AGAR,212.00 B,42.9,17.05,1.87,-,-,0.0972,0.0208,0.0264,0.0437,1.21,2.65,1.93,0.72,0.35
ASPI,211.98 B,-17.39,-17.49,4.27,-,-,0.3935,-2.9627,-0.1314,-0.2457,0.04,0.03,2.65,0.16,0.06
ESTI,211.60 B,14.2,5.35,1.17,-,0.1014,0.1786,0.0338,0.022,0.0825,0.6,1.11,1.25,0.19,1.27
BAJA,210.60 B,-5.78,7.38,9.9,-,0.3003,0.0297,-0.0442,-0.0532,-1.7115,1.22,2.38,0.82,0.31,3.11
DOSS,208.72 B,5.22,2.98,1.01,0.031,0.2855,0.0547,0.042,0.1313,0.1932,3.33,9.17,2.9,1.78,-
SDPC,202.57 B,5.3,7.67,0.62,0.0189,0.0994,0.0871,0.0092,0.019,0.1175,2.09,6.26,1.11,0.73,2.61
KREN,200.29 B,-1.27,-49.91,91.79,-,0.1,-,-0.0382,-0.06,-72.2736,1.58,-,-,-,-
PUDP,197.74 B,333.29,-27.15,0.39,0.0033,8.985,0.6439,0.014,0.0011,0.0012,0.08,0.08,8.29,2.36,0.04
INTA,197.30 B,-2.37,33.89,-0.1,-,-,0.1963,-0.0905,-0.0362,0.0434,0.39,2.74,0.79,0.45,-1.27
ASJT,196.00 B,1652.07,2.2,0.63,0.0069,0.2,-,0.0005,0.0002,0.0004,0.42,-,-,-,0.01
TRON,194.79 B,-4.97,-56.28,1.09,-,-,-0.0445,-0.9509,-0.1563,-0.2201,0.16,2.58,4.02,3.63,-
ASDM,193.92 B,11.17,1.08,0.53,0.099,0.6661,-,0.0549,0.0205,0.0473,0.36,-,-,-,-
MEJA,193.00 B,-,-,3.04,-,-,-,-,-,-,-,-,2.7,2.7,0.19
PTPS,192.91 B,23.82,7.02,1.07,0.1236,0.7791,0.4634,0.1324,0.0442,0.0449,0.33,24.83,33.17,33,-
HILL,191.64 B,-0.19,-3.67,0.45,-,0.2939,-0.1209,-0.2984,-0.1945,-2.4266,0.59,41.6,0.21,0.18,6.17
PTSP,189.89 B,5.26,1.34,1.01,-,-,0.6213,0.0489,0.0922,0.1931,1.98,6.22,1.13,0.72,-
KLAS,189.51 B,9.09,7.06,0.71,0.0192,0.2072,0.3132,0.0957,0.0455,0.0776,0.46,98.2,2.25,2.21,0.58
RELF,189.02 B,-,-,0.77,0.0067,0.1785,-,-,-,-,-,-,8.73,0.46,0.12
TRUS,188.80 B,11.65,0.03,0.46,0.0636,0.4288,-,0.4379,0.0377,0.0392,0.09,-,-,-,-
PART,188.61 B,6.18,5.25,0.95,0.0255,0.2069,0.1849,0.0783,0.0757,0.1539,1.05,5.53,2.38,1.48,0.89
MTRA,187.88 B,-2.47,-3.27,-2.59,-,-,0.253,-10.3382,-0.5659,1.0518,0.05,0.97,0.46,0.43,-0.72
OKAS,187.50 B,-2.86,4.19,0.65,-,0.0407,0.2811,-0.0244,-0.0246,-0.226,1.02,4.35,1.32,0.84,2.13
ACRO,187.34 B,22.62,14.97,1.03,0.4187,7.7213,0.4744,0.2087,0.0353,0.0457,0.17,1.12,1.47,1.11,0.24
BINO,186.58 B,-10.27,-36.86,0.46,-,0.269,3.8289,-0.8038,-0.0319,-0.0449,0.04,2.12,2.66,1.08,0.04
SAGE,184.77 B,-51.7,-58.47,0.65,-,-,0.5207,-0.9023,-0.0112,-0.0126,0.01,0.02,6.46,0.64,0.08
NPGF,184.69 B,50.55,14.9,0.77,0.0049,0.3,0.2591,0.0183,0.0111,0.0153,0.62,1.43,2.67,1.55,0.36
GOLL,183.25 B,-10.76,97.48,0.97,-,-,-0.8251,-3.1579,-0.0354,-0.09,0.01,5.95,0.09,0.08,0.65
MRAT,183.18 B,144.45,12.03,0.32,-,0.23,0.3792,0.0027,0.0015,0.0022,0.53,1.26,2.87,1.72,0.21
PURA,182.76 B,24.78,4.33,0.36,-,-,0.0982,0.0182,0.0114,0.0143,0.63,2456.02,1.63,1.62,0.25
APII,181.80 B,15.8,6.47,0.45,-,0.2032,0.5116,0.035,0.0176,0.0285,0.51,0.8,1.63,0.65,0.31
INOV,180.82 B,3.9,6.49,0.53,-,0.1985,0.2378,0.0636,0.0455,0.1364,0.73,4.53,0.61,0.44,1.87
DFAM,180.49 B,-25.22,37.67,18.33,-,-,0.4995,-0.1179,-0.0319,-0.7269,0.27,0.93,0.42,0.08,10.47
GAMA,180.20 B,-5.25,-43.83,0.17,-,-,0.5136,-1.9115,-0.0249,-0.0328,0.01,-,1.97,1.97,0.09
PEHA,179.76 B,5.09,4.42,0.43,-,0.4001,0.5277,0.0367,0.0247,0.0849,0.68,3.04,2.1,1.65,1.5
VINS,178.64 B,10.1,8.81,0.77,-,0.8427,-,0.2611,0.0559,0.0764,0.21,-,-,-,-
EMDE,177.55 B,-2.17,21.73,0.1,-,0.1025,0.5535,-0.4044,-0.025,-0.0456,0.06,0.07,2.72,0.24,0.31
HOTL,177.50 B,2.55,-310.56,0.49,-,-,0.541,23.9198,0.1575,0.1914,0.01,-,0.09,0.09,0.05
PSDN,177.12 B,-6.47,-7.87,12.77,-,-,0.0872,-1.0143,-0.2032,-1.9718,0.2,7.67,0.12,0.09,-
WOWS,175.54 B,10.86,4.85,0.32,-,-,0.2521,0.07,0.0249,0.0298,0.36,1.99,3.76,2.57,0.12
GLOB,172.22 B,-1.59,38601.21,-0.14,-,0.5006,0.048,-2.6388,-33.7776,0.0901,13,52.27,-,-,-0.38
MANG,171.57 B,-13.42,-,1.28,-,-,0.1706,-0.3891,-0.0783,-0.0954,0.2,20.27,2.49,2.44,0.16
ITIC,171.21 B,8.43,5.79,0.36,-,0.1744,0.216,0.0652,0.0319,0.0428,0.49,1.52,1.52,0.18,0.26
MTPS,168.87 B,-55.8,-25.16,4.26,-,-,-,-,-0.0383,-0.0763,-,-,2.82,2.82,0.77
EPAC,168.47 B,-40.53,5.69,2.31,-,-,0.21,-0.0247,-0.0164,-0.0571,0.66,14.85,0.52,0.37,0.74
POLA,167.55 B,56.69,18.74,0.75,-,-,-,0.3966,0.0128,0.0133,0.03,-,-,-,-
SAPX,164.17 B,147.75,12.59,0.78,-,0.4787,0.183,0.0022,0.0026,0.0053,1.2,102.39,1.82,1.79,0.76
KAQI,163.99 B,13.02,7.79,1.32,-,-,0.498,0.1587,0.0882,0.1016,0.57,9.27,7.51,6.72,0.05
LION,163.33 B,-7.12,-1.62,0.36,0.0159,0.2461,0.2785,-0.0739,-0.038,-0.05,0.51,1.72,5.24,3.46,0.05
PTMP,161.63 B,-3.06,-3.88,0.92,-,0.5015,0.3036,-0.2646,-0.1953,-0.3022,0.74,1.46,2.96,1.7,0.23
HKMU,161.09 B,-0.57,-17.79,-2.32,-,-,0.0865,-3.8598,-0.7101,4.0739,0.17,3.61,0.11,0.1,-3.78
CINT,161.00 B,5.33,3.12,0.52,0.0856,0.4535,0.3486,0.0575,0.0653,0.0978,1.14,3.73,1.94,1.13,0.1
SMLE,160.64 B,-45.15,20.48,1.55,-,-,0.2522,-0.017,-0.0174,-0.0343,1.02,2.46,1.77,1.04,0.46
BAPA,157.50 B,-28,-33.59,1.39,-,-,-0.067,-1.4567,-0.0435,-0.0495,0.03,-,1.7,1.7,0.05
LPIN,156.40 B,4.81,3.29,0.44,0.1223,0.5788,0.3118,0.1926,0.0826,0.0922,0.44,2.06,7.38,4.99,-
PAMG,156.25 B,-325.86,19.43,0.36,-,-,0.4491,-0.0099,-0.0008,-0.0011,0.08,32.24,0.32,0.27,0.21
MCAS,156.23 B,-3.49,11.69,1,-,-,0.0407,-0.0105,-0.0237,-0.2856,2.3,10.92,1.66,1.11,0.62
ZYRX,154.67 B,3.99,5.5,0.46,0.0422,0.15,0.1275,0.0326,0.0387,0.1162,1.09,4.44,1.26,0.9,0.73
PTIS,154.05 B,-22.64,2.5,0.45,-,0.105,0.0865,-0.0317,-0.013,-0.0197,0.41,15.59,6.1,5.68,-
NAYZ,153.00 B,-,-,2.32,-,0.995,-,-,-,-,-,-,9.92,8.88,-
TRJA,151.02 B,-410.36,1.78,0.39,-,0.1243,0.1218,-0.0008,-0.0005,-0.0009,0.64,23.23,0.91,0.8,0.57
WEHA,150.44 B,6.15,2.04,0.57,0.0583,0.3949,0.3638,0.0741,0.0583,0.0925,0.79,56.17,0.82,0.75,0.21
ECII,148.11 B,-1.02,1.52,0.15,-,0.5365,0.1235,-0.0657,-0.0925,-0.1462,1.4,5.88,1.62,0.95,0.06
LPPS,147.53 B,10.79,-17.91,0.21,-,-,-,54.0297,0.0195,0.0196,-,-,-,-,-
RGAS,147.38 B,9.48,4.54,1.4,0.0109,0.1008,0.2255,0.0862,0.1224,0.1476,1.27,8.97,4.91,4.14,0.11
TAMA,146.40 B,-13.32,77.83,4.63,-,-,0.4793,-0.6942,-0.0623,-0.3476,0.09,-,0.08,0.08,3.81
MSIE,144.54 B,-261.44,-,1.28,-,-,0.6489,-0.0801,-0.0044,-0.0049,0.06,-,0.92,0.92,0.01
CAKK,143.19 B,-3.33,52.95,1.05,-,-,0.0142,-0.1093,-0.0851,-0.3161,0.79,7.32,0.53,0.36,1.72
ERTX,141.52 B,5.01,5.65,0.28,-,0.2575,0.0846,0.0153,0.0215,0.0568,1.45,6.16,1.38,0.88,1.2
OBAT,141.52 B,7.51,3.67,1.03,0.0363,0.2268,0.372,0.1077,0.1131,0.1366,1.18,5.36,6.7,5.2,0.05
TRUK,140.07 B,-22.47,12.76,3.67,-,-,0.1464,-0.1464,-0.1165,-0.1632,0.78,213.87,0.94,0.94,0.24
LAND,139.63 B,67.6,28.46,0.3,-,-,0.5137,0.0487,0.0025,0.0045,0.05,0.14,1.07,0.26,0.41
NTBK,137.70 B,-114.55,33.22,1.48,0.001,0.2001,0.2012,-0.0146,-0.0079,-0.0129,0.53,0.99,2.52,1.3,0.1
ASBI,135.87 B,6.2,9.38,0.29,0.009,0.0883,-,0.0876,0.0256,0.0471,0.3,-,-,-,-
RBMS,132.81 B,25.94,6.02,0.27,-,-,0.532,0.0203,0.0066,0.0104,0.32,0.85,1.54,0.68,0.27
KLIN,132.06 B,-,-,3.88,-,-,-,-,-,-,-,-,10.24,7.3,-
ICON,131.86 B,34.87,26.93,0.86,-,-,0.115,0.0159,0.0103,0.0247,0.64,5.03,0.98,0.67,0.02
ANDI,130.90 B,-2.57,24.33,1.17,-,-,-0.0347,-0.2553,-0.1857,-0.4564,0.7,18.9,0.44,0.25,1.26
DKHH,130.07 B,25.18,7.55,0.63,-,-,0.2339,0.0353,0.0164,0.0249,0.45,89.97,2.01,1.97,0.07
DIVA,130.00 B,93.54,7.28,0.21,-,-,0.0427,0.0004,0.0018,0.0023,4.43,21.82,7.44,5.46,0.08
NINE,129.42 B,-,-,3.95,-,-,-,-,-,-,-,-,6.81,3.96,0.04
PMMP,129.41 B,-0.05,-6.43,-0.1,-,0.052,-0.5956,-3.6947,-0.9135,1.905,0.22,0.51,0.49,0.02,-2.24
INTD,129.02 B,-46.36,-21.12,3.74,-,-,0.1414,-0.0777,-0.0754,-0.0808,0.94,3.19,38.76,27.36,-
KARW,128.00 B,-52.23,1.58,-0.23,-,-,0.1273,-0.0291,-0.0111,0.0045,0.37,14.8,0.12,0.12,-
OBMD,127.35 B,4.67,0.83,0.6,-,-,0.8883,0.1724,0.1213,0.1295,0.7,3.81,29.58,28.87,0.01
FIRE,126.88 B,-32.2,18.87,0.53,-,-,0.1932,-0.0151,-0.0116,-0.0164,0.77,28.45,0.83,0.65,0.06
ABBA,125.95 B,-4.91,1.03,5.1,-,-,0.3244,-0.1557,-0.111,-1.0386,0.68,64.65,0.45,0.45,0.62
ZBRA,125.54 B,-0.4,-71.33,0.11,-,-,0.1911,-0.3357,-0.1047,-0.288,0.31,1.41,1.35,1.03,0.76
ASMI,125.42 B,4.79,2.39,0.32,-,-,-,0.0721,0.0182,0.0666,0.28,-,-,-,-
INCI,124.59 B,4.56,-0.61,0.26,0.0333,0.1602,0.2132,0.0703,0.0482,0.0565,0.69,6.62,4.86,4.17,-
AKSI,124.56 B,-11.93,3.96,0.74,-,-,0.1148,-0.0265,-0.0315,-0.0622,1.18,-,2.04,2.04,0.46
SDMU,123.79 B,-10.02,32.23,1.6,-,0.9965,0.3344,-0.1623,-0.096,-0.16,0.59,14.75,0.84,0.71,0.44
IPAC,123.48 B,104.93,-,3.52,-,-,0.5346,0.0206,0.0221,0.0335,1.06,-,5.51,5.51,-
SLIS,123.17 B,-4.39,-9.26,0.38,-,0.0627,0.0415,-0.1429,-0.0675,-0.0874,0.48,1.08,5.79,2.47,0.09
TAXI,122.68 B,-6.83,-33.54,3.36,-,0.9265,0.3366,-3.5173,-0.4621,-0.4915,0.13,-,34.43,34.43,-
PPRI,122.55 B,52.8,54.55,1.25,0.0092,0.2507,0.1528,0.016,0.0187,0.0238,1.18,12.4,4.34,3.58,0.12
LMPI,122.03 B,-1.31,-5.99,3.25,-,-,0.0217,-0.2227,-0.1507,-2.4707,0.67,1.84,1.23,0.65,6.68
PURI,122.00 B,-163.37,93.94,1.36,-,0.1793,0.4356,-0.0203,-0.0011,-0.0083,0.06,0.04,1.13,0.05,2.07
CPRI,121.67 B,-33.15,-307.16,0.66,-,-,0.1239,-1.0713,-0.0175,-0.02,0.02,-,17.03,17.03,0.11
RUIS,121.66 B,9.43,3.33,0.22,-,0.134,0.0953,0.0061,0.0096,0.0228,1.61,-,1.6,1.6,0.92
MPIX,120.32 B,13.8,7.31,0.77,0.0065,0.0389,0.0199,0.0043,0.0506,0.0557,12.04,18.79,11.49,3.99,0.02
FWCT,119.74 B,-5.76,14.53,0.37,0.1311,0.311,0.0875,-0.0174,-0.0251,-0.064,1.5,8.46,1.56,0.78,1.22
ENZO,118.94 B,25.41,11.19,0.71,-,-,0.1348,0.0123,0.0107,0.0279,0.88,1.05,1.36,0.11,1.09
GEMA,118.40 B,10.37,5.4,0.27,0.027,0.1507,0.2519,0.0079,0.0093,0.026,1.21,5.28,1.13,0.81,1.1
CTTH,118.16 B,-4.44,-56.01,0.74,-,-,0.2411,-0.2539,-0.0402,-0.1673,0.16,0.29,2.76,0.71,1.18
POOL,117.07 B,-3.29,-0.83,0.31,-,5.0409,1,0.5528,-0.0816,-0.0953,-0.15,-,130.27,117.09,-
MTSM,116.42 B,476.98,51.44,4.23,-,0.1678,0.2738,0.0074,0.0055,0.0089,0.74,3.4,1.8,0.82,-
FOOD,115.70 B,-7.49,-7.05,-5.14,-,-,0.1109,-0.1632,-0.3454,0.6873,2.07,8.94,0.27,0.13,-0.33
PPGL,115.68 B,-,-,1.5,0.31,5.037,-,-,-,-,-,-,0.41,0.3,1.16
MARI,115.56 B,-3.73,-19.18,13.14,-,1.253,0.4851,-0.3474,-0.0931,-3.5268,0.27,3965.03,2.66,2.66,42.01
YELO,114.77 B,-5.36,-10.9,0.43,-,-,0.0179,-0.4138,-0.0777,-0.0805,0.19,0.59,20.84,7.41,-
WAPO,114.16 B,-11.5,-8.7,1.87,-,-,0.012,-0.0063,-0.0694,-0.1629,13.49,41.65,1.21,0.49,-
HELI,113.27 B,4.26,4,1.25,-,-,0.2321,0.1717,0.1408,0.2929,0.81,968.85,0.63,0.63,0.73
RAFI,112.61 B,-2.09,18.68,0.46,-,0.0096,0.0794,-0.1487,-0.1219,-0.2202,0.82,12.6,1.63,1.42,0.25
SEMA,110.48 B,11.99,12.9,0.64,-,0.1504,0.2165,0.0603,0.0372,0.053,0.61,0.84,3.02,1.03,0.22
FINN,109.42 B,-0.38,-,17.92,-,-,-,-1.544,-0.7488,-46.6086,0.47,-,-,-,104.76
LAJU,107.50 B,12.26,3.72,0.79,0.0026,0.1471,0.1916,0.0419,0.0362,0.0646,0.87,-,1.55,1.55,0.71
TOOL,106.60 B,-11.57,-23.83,0.59,0.004,0.4583,0.4056,-0.1718,-0.046,-0.0509,0.27,0.52,13.9,2.87,0.08
JSKY,105.69 B,-0.85,-45.89,-7.75,-,-,0.0131,-1.5029,-0.5027,9.0688,0.28,1.78,0.35,0.26,-13.02
FLMC,105.47 B,-,-,5.1,-,-,-,-,-,-,-,-,0.86,0.64,-
PTDU,105.00 B,-4.15,32.23,-9.02,-,-,0.2059,-0.3437,-0.2076,2.1753,0.58,5.75,0.3,0.2,-12.07
MEDS,104.69 B,-16.78,-42.95,2.15,-,-,0.2165,-0.651,-0.0978,-0.1283,0.15,0.6,1.19,0.28,0.12
SCPI,104.40 B,0.35,-0.62,0.07,-,0.4336,0.1068,0.0721,0.1323,0.2086,1.82,5.92,2.51,1.74,-
MBTO,103.79 B,-7.83,9.81,0.3,-,0.2508,0.401,-0.0313,-0.0201,-0.0381,0.65,3.56,0.64,0.36,0.48
DPNS,102.65 B,172.47,6.87,0.3,0.0161,0.1157,-0.0735,0.0462,0.0017,0.0018,0.04,0.44,467.13,413.38,-
DSFI,102.14 B,5,3.96,0.35,-,-,0.1505,0.03,0.0417,0.0702,1.46,4.22,1.99,1.19,0.41
ESIP,102.12 B,38.51,21.58,1.02,0.0054,0.3416,0.1197,0.0453,0.0257,0.0266,0.57,2,14.83,5.54,-
KUAS,100.84 B,10.36,6.46,0.59,0.0385,0.1839,0.3122,0.0528,0.0315,0.057,0.61,1.87,1.85,1.12,0.6
SNLK,99.90 B,-26.9,26.06,0.62,-,-,0.5499,-0.0805,-0.0182,-0.023,0.22,16.84,2.07,1.97,0.18
KBLV,99.30 B,39.1,-19.82,0.07,-,-,0.5465,1.8885,0.0014,0.0019,-,-,0.2,0.2,0.01
BAUT,96.00 B,-11.56,-76.45,0.57,-,0.2053,0.2287,-0.0618,-0.0375,-0.0493,0.6,0.79,3.97,1.41,0.09
WINR,94.24 B,5.17,7.12,0.26,-,-,0.4548,0.3485,0.0359,0.0494,0.1,0.25,2.7,0.37,0.27
MERI,94.20 B,32.45,9.16,2.13,-,-,0.6246,0.0763,0.0521,0.0658,0.68,-,7.11,7.11,-
CANI,94.18 B,-3.3,4.77,-0.16,-,-,-0.4307,-0.5298,-0.2391,0.0495,0.35,-,0.06,0.06,-
CBMF,93.75 B,-6.79,19.54,0.39,-,-,-0.4133,-1.6003,-0.0388,-0.058,0.02,0.06,1.91,0.19,0.3
TMPO,93.13 B,37.94,10.7,0.4,-,0.0357,0.5006,0.0117,0.0057,0.0104,0.48,4.62,1.93,1.72,0.3
KOPI,92.04 B,86.66,4.23,1.32,-,-,0.3603,0.0042,0.004,0.0153,0.93,4.56,1.01,0.61,1.43
OLIV,91.20 B,-,-,2.16,-,-,-,-,-0.202,-0.2224,-,-,9.68,0.66,0.15
LCKM,91.00 B,41.22,21.33,0.68,-,0.1336,0.2002,0.1245,0.0157,0.0165,0.13,-,14.47,14.47,-
CHEM,90.10 B,-71.95,25.52,0.79,0.0062,0.3014,0.1849,-0.0062,-0.0067,-0.011,1.04,3.39,2.22,1.54,0.33
ENVY,90.00 B,-9.36,-12.56,-1.69,-,-,-0.8459,-9.8042,-0.6459,0.1802,0.06,-,0.19,0.19,-
NANO,89.99 B,-,-,0.54,-,-,-,-,-,-,-,-,3.16,3.15,0.11
BAPI,89.47 B,-4.04,-103.76,0.22,-,-,0.3155,-13.9419,-0.0324,-0.0557,-,-,5.6,5.6,0.36
SBMA,86.48 B,8.6,4.17,0.36,0.043,0.2785,0.5069,0.0739,0.0346,0.042,0.47,11.82,1.23,1.02,0.12
INAI,86.17 B,-0.81,46.56,1.22,-,0.472,0.0905,-0.1349,-0.0901,-1.5025,0.66,1.82,0.74,0.35,9.24
SICO,85.55 B,6.16,3.73,0.64,0.0532,0.3527,0.3016,0.0866,0.0762,0.1036,0.92,18.77,2.91,2.74,0.24
KRYA,84.86 B,-1.16,-1.89,2.68,-,0.1998,-0.3359,-0.5093,-0.5507,-2.2979,1.24,8.18,1.4,0.87,1.22
JAYA,84.64 B,12.97,7.21,0.67,0.0472,1.2978,0.4777,0.0773,0.0158,0.0516,0.21,1.89,0.3,0.2,1.08
AYLS,84.49 B,-10.55,-31.4,2.56,-,-,0.094,-0.3522,-0.2403,-0.2426,0.67,-,88.15,88.15,-
OPMS,84.00 B,-12.75,-16.61,1.14,-,-,-0.2915,-1.0574,-0.0874,-0.0891,0.08,17.83,31.37,30.84,-
NASI,83.97 B,-19.01,-54.9,1.5,-,-,0.1482,-0.0922,-0.0657,-0.0792,0.71,1.9,4.14,2.29,0.13
BATA,83.20 B,-0.72,-1,-0.64,-,0.1111,0.4447,-0.2112,-0.4113,0.889,0.98,1.68,0.48,0.3,-1.55
IBFN,81.94 B,-3.21,14.33,-0.11,-,-,0.2518,-0.1111,-0.0518,0.0328,0.46,84.9,0.26,0.25,-0.76
PGLI,81.01 B,-30.62,-113.82,6.3,-,0.8227,0.393,-0.1325,-0.0762,-0.2056,0.57,16.19,0.65,0.49,1.12
ISEA,80.62 B,6.3,7.85,0.43,-,-,0.2365,0.02,0.0294,0.0685,1.46,2.26,1.52,0.62,1.18
BCIP,77.22 B,3.01,4.21,0.15,-,-,0.4688,0.2007,0.0281,0.0503,0.14,0.27,2.57,0.66,0.03
SMKM,76.43 B,-,-,0.37,-,0.0646,-,-,-,-,-,-,50.92,50.92,-
ISAP,76.39 B,-,-,0.44,-,-,-,-,-,-,-,-,21.22,1.27,0.03
HDIT,76.23 B,-12.25,-23.13,0.32,-,-,-0.0001,-0.3354,-0.0218,-0.0265,0.06,0.15,9.47,5.05,0.03
MENN,76.00 B,-,-,1.94,-,-,-,-,-,-,-,-,1165.33,70.88,-
JAST,75.78 B,-20.82,6.87,1.28,-,-,0.2874,-0.0148,-0.0201,-0.0615,1.37,-,0.98,0.98,0.55
MPOW,75.16 B,-5.39,7.49,0.75,-,-,-0.0854,-0.4729,-0.1039,-0.14,0.21,62.54,0.37,0.35,0.04
LABA,75.03 B,20.17,15.76,0.68,-,-,0.4357,0.0773,0.0236,0.0336,0.38,1.75,2.25,1.63,0.13
TGRA,74.25 B,-2.83,-11.3,0.29,-,-,-,-,-0.0583,-0.1036,-,-,0.24,0.24,0.03
POLY,74.02 B,-0.22,-64.73,-,-,-,-0.3562,-0.4659,-0.2561,0.0195,0.53,7.86,0.02,0.01,-1.02
AIMS,72.60 B,-91.28,-91.78,436.62,-,-,1,-0.5827,-0.1817,-4.7831,0.31,-,0.24,0.24,-
INCF,71.92 B,-85.2,12.47,0.48,-,-,0.2168,-0.0065,-0.002,-0.0057,0.3,1.18,0.97,0.64,1.58
LUCK,71.57 B,-5.26,-6.83,0.61,-,0.5112,0.0859,-0.1046,-0.0918,-0.1164,0.88,7.69,3.44,2.8,0.08
PURE,70.13 B,-,36.44,-0.52,-,-,-,-,-,-,-,-,0.33,0.13,-3.67
BOSS,70.00 B,-0.38,-2.7,-0.42,-,-,-0.1484,-0.9304,-0.2888,1.0923,0.31,4.24,0.58,0.46,-2.14
KOIN,69.64 B,-13.08,2.92,-0.74,-,-,0.0843,-0.0016,-0.0072,0.0568,4.05,13.11,0.8,0.54,-
OILS,67.65 B,6.54,6.62,0.67,-,0.2062,0.0454,0.0091,0.0336,0.1019,4,7.11,1.26,0.42,1.28
MIRA,67.34 B,-8.93,21.44,0.47,-,-,0.1478,-0.1244,-0.0328,-0.0523,0.26,22.28,0.64,0.59,0.27
RUNS,66.88 B,-,-,1.22,-,0.1717,-,-,-,-,-,-,1.26,1.26,0.19
LOPI,66.00 B,-,-,1.09,-,-,-,-,-,-,-,-,2.28,2.28,0.5
TELE,65.80 B,-2.14,148.71,-0.01,-,0.0989,0.0052,-0.0347,-0.3276,0.0065,8.86,63.99,0.01,0.01,-0.85
IPPE,64.40 B,34.97,12.09,0.22,-,-,0.3055,0.0676,0.0061,0.0064,0.09,2.25,11.4,10.38,0.02
RCCC,63.79 B,12.99,-,1.22,-,-,0.2838,0.0523,0.0478,0.0938,0.9,32.73,0.6,0.53,0.71
DEFI,63.23 B,-5.85,-8.88,2.48,-,-,-,-1.7828,-0.3611,-0.424,0.2,-,-,-,-
PICO,63.09 B,15.31,22.35,0.3,-,0.1807,0.1244,0.007,0.0061,0.0195,0.87,4.15,0.83,0.28,1.25
TECH,62.81 B,48.85,8.44,0.94,-,-,0.9684,0.0857,0.0174,0.0193,0.2,57.3,12.48,12.48,-
KIOS,61.32 B,49.8,-1640.57,0.44,-,-,0.1991,0.1453,0.0082,0.0089,0.06,0.16,4.3,0.55,-
TRIL,60.00 B,-18.16,423.75,0.57,-,-,0.2058,-0.1287,-0.0265,-0.0313,0.2,0.33,5.7,1.51,0.02
PLAS,59.21 B,-157.85,1035.18,0.36,-,-,0.8094,-0.0573,-0.002,-0.0023,0.04,-,0.22,0.22,-
LRNA,56.70 B,-2.48,-13.28,0.22,-,-,-0.0112,-0.3978,-0.0771,-0.0878,0.19,15.51,0.8,0.5,0.02
CSMI,55.49 B,-58.63,92.09,14.98,-,-,0.61,-0.463,-0.0215,-0.2555,0.05,0.6,0.15,0.01,-
TAYS,54.95 B,-0.91,-4.92,1.24,-,-,0.1459,-0.5271,-0.166,-1.3569,0.32,0.81,0.61,0.16,3.82
GRPH,53.00 B,16.68,7.15,0.68,-,-,0.4842,0.0919,0.0318,0.0408,0.34,11.46,0.74,0.4,0.21
TNCA,52.70 B,-14.08,-25.08,1.33,-,-,0.149,-0.0506,-0.0699,-0.0944,1.39,134.4,2.03,1.99,0.01
IKAN,52.50 B,-127.48,12.67,0.71,-,-,0.1692,-0.0035,-0.0032,-0.0055,0.93,2.16,2.05,1.15,0.61
KKES,51.00 B,-31.44,24.5,0.82,-,0.145,0.1406,-0.0078,-0.0117,-0.0261,1.55,4.08,1.62,0.95,0.55
BRRC,50.72 B,28.44,5.8,0.59,-,-,0.1824,0.0151,0.0141,0.0206,0.95,5.9,1.66,1.28,0.11
BIMA,49.87 B,-2.17,-5.96,1.55,-,-,0.2807,-0.2179,-0.0759,-0.7117,0.35,1.92,0.22,0.03,0.52
IDEA,48.87 B,-,-,0.78,0.0283,0.2053,-,-,-,-,-,-,2.09,2.07,0.19
LMAX,48.75 B,-,-,0.95,-,-,-,-,-,-,-,-,3.91,2.93,0.12
DIGI,48.75 B,18.42,8.8,-6.85,-,-,0.5089,0.0557,0.1749,-0.3718,2.9,-,0.76,0.76,-0.02
KJEN,48.50 B,2706.81,114.73,0.78,-,-,0.5694,0.0044,0.0003,0.0003,0.06,-,2.26,2.26,0.04
SWAT,48.31 B,-0.34,-3718.71,0.8,-,-,-0.3166,-0.808,-0.2962,-2.3485,0.32,2.69,4.22,2.63,6.41
SPRE,48.00 B,31.76,-,0.96,-,-,0.3373,0.0316,0.0269,0.0303,0.85,0.75,10.3,0.6,0.02
OCAP,46.12 B,-2.02,-5.22,-0.16,-,-,-,-,-2.7787,0.0811,-,-,-,-,-
ARKA,46.00 B,12.94,17.72,0.39,-,-,0.171,0.0245,0.008,0.0301,0.34,1.1,1.99,1.18,1.74
PCAR,45.50 B,-3.48,-5.36,0.69,-,-,0.0939,-0.0558,-0.139,-0.199,2.41,17.15,3.7,2.86,0.28
KICI,44.16 B,-7.28,-22.82,0.4,-,-,0.166,-0.0687,-0.0283,-0.0546,0.41,0.56,7.2,0.77,0.16
RICY,39.79 B,-0.13,17.71,0.17,-,0.1641,0.1501,-0.6678,-0.1732,-1.3051,0.26,0.67,3.52,1.28,5.51
ALTO,39.45 B,-0.93,-24.03,0.13,-,-,-0.0219,-0.3759,-0.0455,-0.1426,0.12,1.52,0.64,0.19,1.54
LMAS,39.39 B,-0.23,36.88,-0.35,-,-,0.4318,-4.4631,-3.5671,1.5308,0.2,0.57,0.13,0.12,-1.93
AEGS,37.22 B,-,-,0.54,-,-,-,-,-,-,-,-,8.66,4.93,-
SOUL,34.64 B,-,-,1,-,1.3758,-,-,-,-,-,-,8.96,8.9,0.06
TOPS,33.33 B,-0.12,-12.72,0.08,-,-,-0.0503,-2.6059,-0.1757,-0.6857,0.07,10.78,2.32,2.3,-
BIKA,32.58 B,-0.66,329.79,-0.19,-,-,0.5416,-0.197,-0.0166,0.287,0.08,0.05,1.13,0.08,-6.8
WIDI,32.00 B,-,-,0.69,-,-,-,-,-,-,-,-,16.94,16.94,0.02
SKYB,29.84 B,-114.99,-,0.62,-,-,-,-,-0.0099,-0.0054,0.05,-,0.07,0.03,-
HADE,29.68 B,-10.64,-129.7,6.97,-,-,0.2135,-0.6426,-0.2826,-0.6552,0.43,-,2.69,2.69,-
CNTX,28.40 B,-0.2,-4.7,-0.05,-,-,-0.1395,-0.3673,-0.3072,0.246,0.85,4.82,0.22,0.13,-0.54
FIMP,27.60 B,-,-,1.3,-,-,-,-,-,-,-,-,5.32,2.1,-
PLAN,26.90 B,-,-,0.5,-,-,-,-,-,-,-,-,0.07,0.05,0.42
BMBL,25.75 B,-,-,0.38,-,-,-,-,-,-,-,-,4.4,3.41,0.01
INDX,24.96 B,-2.89,-4.81,1.08,-,-,-3.705,-17.1315,-0.1873,-0.3743,0.01,-,0.08,0.08,-
LMSH,24.58 B,-5.11,-0.08,0.27,-,0.1663,0.0545,-0.0506,-0.0444,-0.0525,0.88,4.15,6.48,3.87,-
UNIT,23.83 B,69.74,6.19,0.18,-,-,0.2679,0.0032,0.0009,0.0025,0.3,1.57,1.04,0.57,0.84
SIMA,22.13 B,-0.7,-143.36,-11.04,-,-,1.0715,-8.9944,-0.1223,15.8368,0.02,-,0.02,0.02,-130.44
ARTI,15.68 B,4.24,1.19,-0.07,-,-,0.1495,0.1584,0.0069,-0.0173,0.04,-,-,-,-0.03
TOYS,11.48 B,-0.84,-72.27,0.05,-,-,0.1153,-0.2254,-0.0382,-0.055,0.17,0.52,3.24,2.16,0.35
KAYU,8.58 B,10.64,-12.01,0.11,-,-,0.0157,0.1198,0.0082,0.0099,0.07,0.19,5.58,3.49,0.1
DEAL,6.88 B,-0.38,-33.82,-0.12,-,-,0.0585,-0.3097,-0.1191,0.3155,0.38,13.14,0.6,0.56,-2.63
MKNT,5.50 B,-,153.28,-0.61,-,-,-,-,-,-,-,-,-,-,-
SBAT,4.75 B,-0.07,-9.08,0.03,-,-,0.1589,-2.0807,-0.1136,-0.4952,0.05,0.14,0.51,0.07,2.29
